sku,name,visibility,website_ids,price,tier_price,attribute_set_id,category_ids,brand,short_description,description,weight,qty,test_field,status,meta_title,meta_keyword,meta_description,vehicle_number
myproduct1,myproduct1,4,1,501,2.99,4,4,product brand name,product short description,description,0,100,10,1,Phone Model X1,Phone Model X1 keyword,Phone Model X1 desc,us001
myproduct2,myproduct2,4,1,221,2.99,4,5,brand name,short description,description,0,100,10,1,Phone Model X2,Phone Model X1 keyword,Phone Model X1 desc,us002
myproduct3,myproduct3,4,1,5551,2.99,4,5,brand name,short description,description,0,100,10,1,Phone Model X3,Phone Model X1 keyword,Phone Model X1 desc,us003
myproduct4,myproduct4,4,1,201,2.99,4,5,brand name,short description,description,0,100,10,1,Phone Model X4,Phone Model X1 keyword,Phone Model X1 desc,us004
myproduct5,myproduct5,4,1,501,2.99,4,4,brand name,short description,description,0,100,10,1,Phone Model X5,Phone Model X1 keyword,Phone Model X1 desc,us005
myproduct6,myproduct6,4,1,21,2.99,4,5,brand name,short description,description,0,100,10,1,Phone Model X6,Phone Model X1 keyword,Phone Model X1 desc,us006
myproduct7,myproduct7,4,1,51,2.99,4,4,brand name,short description,description,0,100,10,1,Phone Model X7,Phone Model X1 keyword,Phone Model X1 desc,us007
myproduct8,myproduct8,4,1,201,2.99,4,5,brand name,short description,description,0,100,10,1,Phone Model X8,Phone Model X1 keyword,Phone Model X1 desc,us008
myproduct9,myproduct9,4,1,501,2.99,4,4,brand name,short description,description,0,100,10,1,Phone Model X9,Phone Model X1 keyword,Phone Model X1 desc,us009
myproduct10,myproduct10,4,1,501,2.99,4,4,brand name,short description,description,0,100,10,1,Phone Model X9,Phone Model X1 keyword,Phone Model X1 desc,us010
myproduct11,myproduct11,4,1,501,2.99,4,4,brand name,short description,description,0,100,10,1,Phone Model X10,Phone Model X1 keyword,Phone Model X1 desc,us011
myproduct12,myproduct12,4,1,501,2.99,4,4,brand name,short description,description,0,100,10,1,Phone Model X11,Phone Model X1 keyword,Phone Model X1 desc,us012
myproduct13,myproduct13,4,1,501,2.99,4,4,brand name,short description,description,0,100,10,1,Phone Model X12,Phone Model X1 keyword,Phone Model X1 desc,us013
myproduct14,myproduct14,4,1,501,2.99,4,4,brand name,short description,description,0,100,10,1,Phone Model X13,Phone Model X1 keyword,Phone Model X1 desc,us014
myproduct15,myproduct15,4,1,501,2.99,4,4,brand name,short description,description,0,100,10,1,Phone Model X14,Phone Model X1 keyword,Phone Model X1 desc,us015
myproduct16,myproduct16,4,1,501,2.99,4,4,brand name,short description,description,0,100,10,1,Phone Model X15,Phone Model X1 keyword,Phone Model X1 desc,us016
myproduct17,myproduct17,4,1,501,2.99,4,4,brand name,short description,description,0,100,10,1,Phone Model X16,Phone Model X1 keyword,Phone Model X1 desc,us017
myproduct18,myproduct18,4,1,501,2.99,4,4,brand name,short description,description,0,100,10,1,Phone Model X17,Phone Model X1 keyword,Phone Model X1 desc,us018
myproduct19,myproduct19,4,1,501,2.99,4,4,brand name,short description,description,0,100,10,1,Phone Model X18,Phone Model X1 keyword,Phone Model X1 desc,us019
myproduct20,myproduct20,4,1,501,2.99,4,4,brand name,short description,description,0,100,10,1,Phone Model X19,Phone Model X1 keyword,Phone Model X1 desc,us020
myproduct21,myproduct21,4,1,501,2.99,4,4,brand name,short description,description,0,100,10,1,Phone Model X20,Phone Model X1 keyword,Phone Model X1 desc,us021
myproduct22,myproduct22,4,1,501,2.99,4,4,brand name,short description,description,0,100,10,1,Phone Model X21,Phone Model X1 keyword,Phone Model X1 desc,us022
myproduct23,myproduct23,4,1,501,2.99,4,4,brand name,short description,description,0,100,10,1,Phone Model X22,Phone Model X1 keyword,Phone Model X1 desc,us023
myproduct24,myproduct24,4,1,501,2.99,4,4,brand name,short description,description,0,100,10,1,Phone Model X23,Phone Model X1 keyword,Phone Model X1 desc,us024
myproduct25,myproduct25,4,1,501,2.99,4,4,brand name,short description,description,0,100,10,1,Phone Model X24,Phone Model X1 keyword,Phone Model X1 desc,us025
myproduct26,myproduct26,4,1,501,2.99,4,4,brand name,short description,description,0,100,10,1,Phone Model X25,Phone Model X1 keyword,Phone Model X1 desc,us026
myproduct27,myproduct27,4,1,501,2.99,4,4,brand name,short description,description,0,100,10,1,Phone Model X26,Phone Model X1 keyword,Phone Model X1 desc,us027
myproduct28,myproduct28,4,1,501,2.99,4,4,brand name,short description,description,0,100,10,1,Phone Model X27,Phone Model X1 keyword,Phone Model X1 desc,us028
myproduct29,myproduct29,4,1,501,2.99,4,4,brand name,short description,description,0,100,10,1,Phone Model X28,Phone Model X1 keyword,Phone Model X1 desc,us029
myproduct30,myproduct30,4,1,501,2.99,4,4,brand name,short description,description,0,100,10,1,Phone Model X29,Phone Model X1 keyword,Phone Model X1 desc,us030
myproduct31,myproduct31,4,1,501,2.99,4,4,brand name,short description,description,0,100,10,1,Phone Model X30,Phone Model X1 keyword,Phone Model X1 desc,us031
myproduct32,myproduct32,4,1,501,2.99,4,4,brand name,short description,description,0,100,10,1,Phone Model X31,Phone Model X1 keyword,Phone Model X1 desc,us032
myproduct33,myproduct33,4,1,501,2.99,4,4,brand name,short description,description,0,100,10,1,Phone Model X32,Phone Model X1 keyword,Phone Model X1 desc,us033
myproduct34,myproduct34,4,1,501,2.99,4,4,brand name,short description,description,0,100,10,1,Phone Model X33,Phone Model X1 keyword,Phone Model X1 desc,us034
myproduct35,myproduct35,4,1,501,2.99,4,4,brand name,short description,description,0,100,10,1,Phone Model X34,Phone Model X1 keyword,Phone Model X1 desc,us035
myproduct36,myproduct36,4,1,501,2.99,4,4,brand name,short description,description,0,100,10,1,Phone Model X35,Phone Model X1 keyword,Phone Model X1 desc,us036
myproduct37,myproduct37,4,1,501,2.99,4,4,brand name,short description,description,0,100,10,1,Phone Model X36,Phone Model X1 keyword,Phone Model X1 desc,us037
myproduct38,myproduct38,4,1,501,2.99,4,4,brand name,short description,description,0,100,10,1,Phone Model X37,Phone Model X1 keyword,Phone Model X1 desc,us038
myproduct39,myproduct39,4,1,501,2.99,4,4,brand name,short description,description,0,100,10,1,Phone Model X38,Phone Model X1 keyword,Phone Model X1 desc,us039
myproduct40,myproduct40,4,1,501,2.99,4,4,brand name,short description,description,0,100,10,1,Phone Model X39,Phone Model X1 keyword,Phone Model X1 desc,us040
myproduct41,myproduct41,4,1,501,2.99,4,4,brand name,short description,description,0,100,10,1,Phone Model X40,Phone Model X1 keyword,Phone Model X1 desc,us041
myproduct42,myproduct42,4,1,501,2.99,4,4,brand name,short description,description,0,100,10,1,Phone Model X41,Phone Model X1 keyword,Phone Model X1 desc,us042
myproduct43,myproduct43,4,1,501,2.99,4,4,brand name,short description,description,0,100,10,1,Phone Model X42,Phone Model X1 keyword,Phone Model X1 desc,us043
myproduct44,myproduct44,4,1,501,2.99,4,4,brand name,short description,description,0,100,10,1,Phone Model X43,Phone Model X1 keyword,Phone Model X1 desc,us044
myproduct45,myproduct45,4,1,501,2.99,4,4,brand name,short description,description,0,100,10,1,Phone Model X44,Phone Model X1 keyword,Phone Model X1 desc,us045
myproduct46,myproduct46,4,1,501,2.99,4,4,brand name,short description,description,0,100,10,1,Phone Model X45,Phone Model X1 keyword,Phone Model X1 desc,us046
myproduct47,myproduct47,4,1,501,2.99,4,4,brand name,short description,description,0,100,10,1,Phone Model X46,Phone Model X1 keyword,Phone Model X1 desc,us047
myproduct48,myproduct48,4,1,501,2.99,4,4,brand name,short description,description,0,100,10,1,Phone Model X47,Phone Model X1 keyword,Phone Model X1 desc,us048
myproduct49,myproduct49,4,1,501,2.99,4,4,brand name,short description,description,0,100,10,1,Phone Model X48,Phone Model X1 keyword,Phone Model X1 desc,us049
myproduct50,myproduct50,4,1,501,2.99,4,4,brand name,short description,description,0,100,10,1,Phone Model X49,Phone Model X1 keyword,Phone Model X1 desc,us050
myproduct51,myproduct51,4,1,501,2.99,4,4,brand name,short description,description,0,100,10,1,Phone Model X50,Phone Model X1 keyword,Phone Model X1 desc,us051
myproduct52,myproduct52,4,1,501,2.99,4,4,brand name,short description,description,0,100,10,1,Phone Model X51,Phone Model X1 keyword,Phone Model X1 desc,us052
myproduct53,myproduct53,4,1,501,2.99,4,4,brand name,short description,description,0,100,10,1,Phone Model X52,Phone Model X1 keyword,Phone Model X1 desc,us053
myproduct54,myproduct54,4,1,501,2.99,4,4,brand name,short description,description,0,100,10,1,Phone Model X53,Phone Model X1 keyword,Phone Model X1 desc,us054
myproduct55,myproduct55,4,1,501,2.99,4,4,brand name,short description,description,0,100,10,1,Phone Model X54,Phone Model X1 keyword,Phone Model X1 desc,us055
myproduct56,myproduct56,4,1,501,2.99,4,4,brand name,short description,description,0,100,10,1,Phone Model X55,Phone Model X1 keyword,Phone Model X1 desc,us056
myproduct57,myproduct57,4,1,501,2.99,4,4,brand name,short description,description,0,100,10,1,Phone Model X56,Phone Model X1 keyword,Phone Model X1 desc,us057
myproduct58,myproduct58,4,1,501,2.99,4,4,brand name,short description,description,0,100,10,1,Phone Model X57,Phone Model X1 keyword,Phone Model X1 desc,us058
myproduct59,myproduct59,4,1,501,2.99,4,4,brand name,short description,description,0,100,10,1,Phone Model X58,Phone Model X1 keyword,Phone Model X1 desc,us059
myproduct60,myproduct60,4,1,501,2.99,4,4,brand name,short description,description,0,100,10,1,Phone Model X59,Phone Model X1 keyword,Phone Model X1 desc,us060
myproduct61,myproduct61,4,1,501,2.99,4,4,brand name,short description,description,0,100,10,1,Phone Model X60,Phone Model X1 keyword,Phone Model X1 desc,us061
myproduct62,myproduct62,4,1,501,2.99,4,4,brand name,short description,description,0,100,10,1,Phone Model X61,Phone Model X1 keyword,Phone Model X1 desc,us062
myproduct63,myproduct63,4,1,501,2.99,4,4,brand name,short description,description,0,100,10,1,Phone Model X62,Phone Model X1 keyword,Phone Model X1 desc,us063
myproduct64,myproduct64,4,1,501,2.99,4,4,brand name,short description,description,0,100,10,1,Phone Model X63,Phone Model X1 keyword,Phone Model X1 desc,us064
myproduct65,myproduct65,4,1,501,2.99,4,4,brand name,short description,description,0,100,10,1,Phone Model X64,Phone Model X1 keyword,Phone Model X1 desc,us065
myproduct66,myproduct66,4,1,501,2.99,4,4,brand name,short description,description,0,100,10,1,Phone Model X65,Phone Model X1 keyword,Phone Model X1 desc,us066
myproduct67,myproduct67,4,1,501,2.99,4,4,brand name,short description,description,0,100,10,1,Phone Model X66,Phone Model X1 keyword,Phone Model X1 desc,us067
myproduct68,myproduct68,4,1,501,2.99,4,4,brand name,short description,description,0,100,10,1,Phone Model X67,Phone Model X1 keyword,Phone Model X1 desc,us068
myproduct69,myproduct69,4,1,501,2.99,4,4,brand name,short description,description,0,100,10,1,Phone Model X68,Phone Model X1 keyword,Phone Model X1 desc,us069
myproduct70,myproduct70,4,1,501,2.99,4,4,brand name,short description,description,0,100,10,1,Phone Model X69,Phone Model X1 keyword,Phone Model X1 desc,us070
myproduct71,myproduct71,4,1,501,2.99,4,4,brand name,short description,description,0,100,10,1,Phone Model X70,Phone Model X1 keyword,Phone Model X1 desc,us071
myproduct72,myproduct72,4,1,501,2.99,4,4,brand name,short description,description,0,100,10,1,Phone Model X71,Phone Model X1 keyword,Phone Model X1 desc,us072
myproduct73,myproduct73,4,1,501,2.99,4,4,brand name,short description,description,0,100,10,1,Phone Model X72,Phone Model X1 keyword,Phone Model X1 desc,us073
myproduct74,myproduct74,4,1,501,2.99,4,4,brand name,short description,description,0,100,10,1,Phone Model X73,Phone Model X1 keyword,Phone Model X1 desc,us074
myproduct75,myproduct75,4,1,501,2.99,4,4,brand name,short description,description,0,100,10,1,Phone Model X74,Phone Model X1 keyword,Phone Model X1 desc,us075
myproduct76,myproduct76,4,1,501,2.99,4,4,brand name,short description,description,0,100,10,1,Phone Model X75,Phone Model X1 keyword,Phone Model X1 desc,us076
myproduct77,myproduct77,4,1,501,2.99,4,4,brand name,short description,description,0,100,10,1,Phone Model X76,Phone Model X1 keyword,Phone Model X1 desc,us077
myproduct78,myproduct78,4,1,501,2.99,4,4,brand name,short description,description,0,100,10,1,Phone Model X77,Phone Model X1 keyword,Phone Model X1 desc,us078
myproduct79,myproduct79,4,1,501,2.99,4,4,brand name,short description,description,0,100,10,1,Phone Model X78,Phone Model X1 keyword,Phone Model X1 desc,us079
myproduct80,myproduct80,4,1,501,2.99,4,4,brand name,short description,description,0,100,10,1,Phone Model X79,Phone Model X1 keyword,Phone Model X1 desc,us080
myproduct81,myproduct81,4,1,501,2.99,4,4,brand name,short description,description,0,100,10,1,Phone Model X80,Phone Model X1 keyword,Phone Model X1 desc,us081
myproduct82,myproduct82,4,1,501,2.99,4,4,brand name,short description,description,0,100,10,1,Phone Model X81,Phone Model X1 keyword,Phone Model X1 desc,us082
myproduct83,myproduct83,4,1,501,2.99,4,4,brand name,short description,description,0,100,10,1,Phone Model X82,Phone Model X1 keyword,Phone Model X1 desc,us083
myproduct84,myproduct84,4,1,501,2.99,4,4,brand name,short description,description,0,100,10,1,Phone Model X83,Phone Model X1 keyword,Phone Model X1 desc,us084
myproduct85,myproduct85,4,1,501,2.99,4,4,brand name,short description,description,0,100,10,1,Phone Model X84,Phone Model X1 keyword,Phone Model X1 desc,us085
myproduct86,myproduct86,4,1,501,2.99,4,4,brand name,short description,description,0,100,10,1,Phone Model X85,Phone Model X1 keyword,Phone Model X1 desc,us086
myproduct87,myproduct87,4,1,501,2.99,4,4,brand name,short description,description,0,100,10,1,Phone Model X86,Phone Model X1 keyword,Phone Model X1 desc,us087
myproduct88,myproduct88,4,1,501,2.99,4,4,brand name,short description,description,0,100,10,1,Phone Model X87,Phone Model X1 keyword,Phone Model X1 desc,us088
myproduct89,myproduct89,4,1,501,2.99,4,4,brand name,short description,description,0,100,10,1,Phone Model X88,Phone Model X1 keyword,Phone Model X1 desc,us089
myproduct90,myproduct90,4,1,501,2.99,4,4,brand name,short description,description,0,100,10,1,Phone Model X89,Phone Model X1 keyword,Phone Model X1 desc,us090
myproduct91,myproduct91,4,1,501,2.99,4,4,brand name,short description,description,0,100,10,1,Phone Model X90,Phone Model X1 keyword,Phone Model X1 desc,us091
myproduct92,myproduct92,4,1,501,2.99,4,4,brand name,short description,description,0,100,10,1,Phone Model X91,Phone Model X1 keyword,Phone Model X1 desc,us092
myproduct93,myproduct93,4,1,501,2.99,4,4,brand name,short description,description,0,100,10,1,Phone Model X92,Phone Model X1 keyword,Phone Model X1 desc,us093
myproduct94,myproduct94,4,1,501,2.99,4,4,brand name,short description,description,0,100,10,1,Phone Model X93,Phone Model X1 keyword,Phone Model X1 desc,us094
myproduct95,myproduct95,4,1,501,2.99,4,4,brand name,short description,description,0,100,10,1,Phone Model X94,Phone Model X1 keyword,Phone Model X1 desc,us095
myproduct96,myproduct96,4,1,501,2.99,4,4,brand name,short description,description,0,100,10,1,Phone Model X95,Phone Model X1 keyword,Phone Model X1 desc,us096
myproduct97,myproduct97,4,1,501,2.99,4,4,brand name,short description,description,0,100,10,1,Phone Model X96,Phone Model X1 keyword,Phone Model X1 desc,us097
myproduct98,myproduct98,4,1,501,2.99,4,4,brand name,short description,description,0,100,10,1,Phone Model X97,Phone Model X1 keyword,Phone Model X1 desc,us098
myproduct99,myproduct99,4,1,501,2.99,4,4,brand name,short description,description,0,100,10,1,Phone Model X98,Phone Model X1 keyword,Phone Model X1 desc,us099
myproduct100,myproduct100,4,1,501,2.99,4,4,brand name,short description,description,0,100,10,1,Phone Model X99,Phone Model X1 keyword,Phone Model X1 desc,us100
myproduct101,myproduct101,4,1,501,2.99,4,4,brand name,short description,description,0,100,10,1,Phone Model X100,Phone Model X1 keyword,Phone Model X1 desc,us101
myproduct102,myproduct102,4,1,501,2.99,4,4,brand name,short description,description,0,100,10,1,Phone Model X101,Phone Model X1 keyword,Phone Model X1 desc,us102
myproduct103,myproduct103,4,1,501,2.99,4,4,brand name,short description,description,0,100,10,1,Phone Model X102,Phone Model X1 keyword,Phone Model X1 desc,us103
myproduct104,myproduct104,4,1,501,2.99,4,4,brand name,short description,description,0,100,10,1,Phone Model X103,Phone Model X1 keyword,Phone Model X1 desc,us104
myproduct105,myproduct105,4,1,501,2.99,4,4,brand name,short description,description,0,100,10,1,Phone Model X104,Phone Model X1 keyword,Phone Model X1 desc,us105
myproduct106,myproduct106,4,1,501,2.99,4,4,brand name,short description,description,0,100,10,1,Phone Model X105,Phone Model X1 keyword,Phone Model X1 desc,us106
myproduct107,myproduct107,4,1,501,2.99,4,4,brand name,short description,description,0,100,10,1,Phone Model X106,Phone Model X1 keyword,Phone Model X1 desc,us107
myproduct108,myproduct108,4,1,501,2.99,4,4,brand name,short description,description,0,100,10,1,Phone Model X107,Phone Model X1 keyword,Phone Model X1 desc,us108
myproduct109,myproduct109,4,1,501,2.99,4,4,brand name,short description,description,0,100,10,1,Phone Model X108,Phone Model X1 keyword,Phone Model X1 desc,us109
myproduct110,myproduct110,4,1,501,2.99,4,4,brand name,short description,description,0,100,10,1,Phone Model X109,Phone Model X1 keyword,Phone Model X1 desc,us110
myproduct111,myproduct111,4,1,501,2.99,4,4,brand name,short description,description,0,100,10,1,Phone Model X110,Phone Model X1 keyword,Phone Model X1 desc,us111
myproduct112,myproduct112,4,1,501,2.99,4,4,brand name,short description,description,0,100,10,1,Phone Model X111,Phone Model X1 keyword,Phone Model X1 desc,us112
myproduct113,myproduct113,4,1,501,2.99,4,4,brand name,short description,description,0,100,10,1,Phone Model X112,Phone Model X1 keyword,Phone Model X1 desc,us113
myproduct114,myproduct114,4,1,501,2.99,4,4,brand name,short description,description,0,100,10,1,Phone Model X113,Phone Model X1 keyword,Phone Model X1 desc,us114
myproduct115,myproduct115,4,1,501,2.99,4,4,brand name,short description,description,0,100,10,1,Phone Model X114,Phone Model X1 keyword,Phone Model X1 desc,us115
myproduct116,myproduct116,4,1,501,2.99,4,4,brand name,short description,description,0,100,10,1,Phone Model X115,Phone Model X1 keyword,Phone Model X1 desc,us116
myproduct117,myproduct117,4,1,501,2.99,4,4,brand name,short description,description,0,100,10,1,Phone Model X116,Phone Model X1 keyword,Phone Model X1 desc,us117
myproduct118,myproduct118,4,1,501,2.99,4,4,brand name,short description,description,0,100,10,1,Phone Model X117,Phone Model X1 keyword,Phone Model X1 desc,us118
myproduct119,myproduct119,4,1,501,2.99,4,4,brand name,short description,description,0,100,10,1,Phone Model X118,Phone Model X1 keyword,Phone Model X1 desc,us119
myproduct120,myproduct120,4,1,501,2.99,4,4,brand name,short description,description,0,100,10,1,Phone Model X119,Phone Model X1 keyword,Phone Model X1 desc,us120
myproduct121,myproduct121,4,1,501,2.99,4,4,brand name,short description,description,0,100,10,1,Phone Model X120,Phone Model X1 keyword,Phone Model X1 desc,us121
myproduct122,myproduct122,4,1,501,2.99,4,4,brand name,short description,description,0,100,10,1,Phone Model X121,Phone Model X1 keyword,Phone Model X1 desc,us122
myproduct123,myproduct123,4,1,501,2.99,4,4,brand name,short description,description,0,100,10,1,Phone Model X122,Phone Model X1 keyword,Phone Model X1 desc,us123
myproduct124,myproduct124,4,1,501,2.99,4,4,brand name,short description,description,0,100,10,1,Phone Model X123,Phone Model X1 keyword,Phone Model X1 desc,us124
myproduct125,myproduct125,4,1,501,2.99,4,4,brand name,short description,description,0,100,10,1,Phone Model X124,Phone Model X1 keyword,Phone Model X1 desc,us125
myproduct126,myproduct126,4,1,501,2.99,4,4,brand name,short description,description,0,100,10,1,Phone Model X125,Phone Model X1 keyword,Phone Model X1 desc,us126
myproduct127,myproduct127,4,1,501,2.99,4,4,brand name,short description,description,0,100,10,1,Phone Model X126,Phone Model X1 keyword,Phone Model X1 desc,us127
myproduct128,myproduct128,4,1,501,2.99,4,4,brand name,short description,description,0,100,10,1,Phone Model X127,Phone Model X1 keyword,Phone Model X1 desc,us128
myproduct129,myproduct129,4,1,501,2.99,4,4,brand name,short description,description,0,100,10,1,Phone Model X128,Phone Model X1 keyword,Phone Model X1 desc,us129
myproduct130,myproduct130,4,1,501,2.99,4,4,brand name,short description,description,0,100,10,1,Phone Model X129,Phone Model X1 keyword,Phone Model X1 desc,us130
myproduct131,myproduct131,4,1,501,2.99,4,4,brand name,short description,description,0,100,10,1,Phone Model X130,Phone Model X1 keyword,Phone Model X1 desc,us131
myproduct132,myproduct132,4,1,501,2.99,4,4,brand name,short description,description,0,100,10,1,Phone Model X131,Phone Model X1 keyword,Phone Model X1 desc,us132
myproduct133,myproduct133,4,1,501,2.99,4,4,brand name,short description,description,0,100,10,1,Phone Model X132,Phone Model X1 keyword,Phone Model X1 desc,us133
myproduct134,myproduct134,4,1,501,2.99,4,4,brand name,short description,description,0,100,10,1,Phone Model X133,Phone Model X1 keyword,Phone Model X1 desc,us134
myproduct135,myproduct135,4,1,501,2.99,4,4,brand name,short description,description,0,100,10,1,Phone Model X134,Phone Model X1 keyword,Phone Model X1 desc,us135
myproduct136,myproduct136,4,1,501,2.99,4,4,brand name,short description,description,0,100,10,1,Phone Model X135,Phone Model X1 keyword,Phone Model X1 desc,us136
myproduct137,myproduct137,4,1,501,2.99,4,4,brand name,short description,description,0,100,10,1,Phone Model X136,Phone Model X1 keyword,Phone Model X1 desc,us137
myproduct138,myproduct138,4,1,501,2.99,4,4,brand name,short description,description,0,100,10,1,Phone Model X137,Phone Model X1 keyword,Phone Model X1 desc,us138
myproduct139,myproduct139,4,1,501,2.99,4,4,brand name,short description,description,0,100,10,1,Phone Model X138,Phone Model X1 keyword,Phone Model X1 desc,us139
myproduct140,myproduct140,4,1,501,2.99,4,4,brand name,short description,description,0,100,10,1,Phone Model X139,Phone Model X1 keyword,Phone Model X1 desc,us140
myproduct141,myproduct141,4,1,501,2.99,4,4,brand name,short description,description,0,100,10,1,Phone Model X140,Phone Model X1 keyword,Phone Model X1 desc,us141
myproduct142,myproduct142,4,1,501,2.99,4,4,brand name,short description,description,0,100,10,1,Phone Model X141,Phone Model X1 keyword,Phone Model X1 desc,us142
myproduct143,myproduct143,4,1,501,2.99,4,4,brand name,short description,description,0,100,10,1,Phone Model X142,Phone Model X1 keyword,Phone Model X1 desc,us143
myproduct144,myproduct144,4,1,501,2.99,4,4,brand name,short description,description,0,100,10,1,Phone Model X143,Phone Model X1 keyword,Phone Model X1 desc,us144
myproduct145,myproduct145,4,1,501,2.99,4,4,brand name,short description,description,0,100,10,1,Phone Model X144,Phone Model X1 keyword,Phone Model X1 desc,us145
myproduct146,myproduct146,4,1,501,2.99,4,4,brand name,short description,description,0,100,10,1,Phone Model X145,Phone Model X1 keyword,Phone Model X1 desc,us146
myproduct147,myproduct147,4,1,501,2.99,4,4,brand name,short description,description,0,100,10,1,Phone Model X146,Phone Model X1 keyword,Phone Model X1 desc,us147
myproduct148,myproduct148,4,1,501,2.99,4,4,brand name,short description,description,0,100,10,1,Phone Model X147,Phone Model X1 keyword,Phone Model X1 desc,us148
myproduct149,myproduct149,4,1,501,2.99,4,4,brand name,short description,description,0,100,10,1,Phone Model X148,Phone Model X1 keyword,Phone Model X1 desc,us149
myproduct150,myproduct150,4,1,501,2.99,4,4,brand name,short description,description,0,100,10,1,Phone Model X149,Phone Model X1 keyword,Phone Model X1 desc,us150
myproduct151,myproduct151,4,1,501,2.99,4,4,brand name,short description,description,0,100,10,1,Phone Model X150,Phone Model X1 keyword,Phone Model X1 desc,us151
myproduct152,myproduct152,4,1,501,2.99,4,4,brand name,short description,description,0,100,10,1,Phone Model X151,Phone Model X1 keyword,Phone Model X1 desc,us152
myproduct153,myproduct153,4,1,501,2.99,4,4,brand name,short description,description,0,100,10,1,Phone Model X152,Phone Model X1 keyword,Phone Model X1 desc,us153
myproduct154,myproduct154,4,1,501,2.99,4,4,brand name,short description,description,0,100,10,1,Phone Model X153,Phone Model X1 keyword,Phone Model X1 desc,us154
myproduct155,myproduct155,4,1,501,2.99,4,4,brand name,short description,description,0,100,10,1,Phone Model X154,Phone Model X1 keyword,Phone Model X1 desc,us155
myproduct156,myproduct156,4,1,501,2.99,4,4,brand name,short description,description,0,100,10,1,Phone Model X155,Phone Model X1 keyword,Phone Model X1 desc,us156
myproduct157,myproduct157,4,1,501,2.99,4,4,brand name,short description,description,0,100,10,1,Phone Model X156,Phone Model X1 keyword,Phone Model X1 desc,us157
myproduct158,myproduct158,4,1,501,2.99,4,4,brand name,short description,description,0,100,10,1,Phone Model X157,Phone Model X1 keyword,Phone Model X1 desc,us158
myproduct159,myproduct159,4,1,501,2.99,4,4,brand name,short description,description,0,100,10,1,Phone Model X158,Phone Model X1 keyword,Phone Model X1 desc,us159
myproduct160,myproduct160,4,1,501,2.99,4,4,brand name,short description,description,0,100,10,1,Phone Model X159,Phone Model X1 keyword,Phone Model X1 desc,us160
myproduct161,myproduct161,4,1,501,2.99,4,4,brand name,short description,description,0,100,10,1,Phone Model X160,Phone Model X1 keyword,Phone Model X1 desc,us161
myproduct162,myproduct162,4,1,501,2.99,4,4,brand name,short description,description,0,100,10,1,Phone Model X161,Phone Model X1 keyword,Phone Model X1 desc,us162
myproduct163,myproduct163,4,1,501,2.99,4,4,brand name,short description,description,0,100,10,1,Phone Model X162,Phone Model X1 keyword,Phone Model X1 desc,us163
myproduct164,myproduct164,4,1,501,2.99,4,4,brand name,short description,description,0,100,10,1,Phone Model X163,Phone Model X1 keyword,Phone Model X1 desc,us164
myproduct165,myproduct165,4,1,501,2.99,4,4,brand name,short description,description,0,100,10,1,Phone Model X164,Phone Model X1 keyword,Phone Model X1 desc,us165
myproduct166,myproduct166,4,1,501,2.99,4,4,brand name,short description,description,0,100,10,1,Phone Model X165,Phone Model X1 keyword,Phone Model X1 desc,us166
myproduct167,myproduct167,4,1,501,2.99,4,4,brand name,short description,description,0,100,10,1,Phone Model X166,Phone Model X1 keyword,Phone Model X1 desc,us167
myproduct168,myproduct168,4,1,501,2.99,4,4,brand name,short description,description,0,100,10,1,Phone Model X167,Phone Model X1 keyword,Phone Model X1 desc,us168
myproduct169,myproduct169,4,1,501,2.99,4,4,brand name,short description,description,0,100,10,1,Phone Model X168,Phone Model X1 keyword,Phone Model X1 desc,us169
myproduct170,myproduct170,4,1,501,2.99,4,4,brand name,short description,description,0,100,10,1,Phone Model X169,Phone Model X1 keyword,Phone Model X1 desc,us170
myproduct171,myproduct171,4,1,501,2.99,4,4,brand name,short description,description,0,100,10,1,Phone Model X170,Phone Model X1 keyword,Phone Model X1 desc,us171
myproduct172,myproduct172,4,1,501,2.99,4,4,brand name,short description,description,0,100,10,1,Phone Model X171,Phone Model X1 keyword,Phone Model X1 desc,us172
myproduct173,myproduct173,4,1,501,2.99,4,4,brand name,short description,description,0,100,10,1,Phone Model X172,Phone Model X1 keyword,Phone Model X1 desc,us173
myproduct174,myproduct174,4,1,501,2.99,4,4,brand name,short description,description,0,100,10,1,Phone Model X173,Phone Model X1 keyword,Phone Model X1 desc,us174
myproduct175,myproduct175,4,1,501,2.99,4,4,brand name,short description,description,0,100,10,1,Phone Model X174,Phone Model X1 keyword,Phone Model X1 desc,us175
myproduct176,myproduct176,4,1,501,2.99,4,4,brand name,short description,description,0,100,10,1,Phone Model X175,Phone Model X1 keyword,Phone Model X1 desc,us176
myproduct177,myproduct177,4,1,501,2.99,4,4,brand name,short description,description,0,100,10,1,Phone Model X176,Phone Model X1 keyword,Phone Model X1 desc,us177
myproduct178,myproduct178,4,1,501,2.99,4,4,brand name,short description,description,0,100,10,1,Phone Model X177,Phone Model X1 keyword,Phone Model X1 desc,us178
myproduct179,myproduct179,4,1,501,2.99,4,4,brand name,short description,description,0,100,10,1,Phone Model X178,Phone Model X1 keyword,Phone Model X1 desc,us179
myproduct180,myproduct180,4,1,501,2.99,4,4,brand name,short description,description,0,100,10,1,Phone Model X179,Phone Model X1 keyword,Phone Model X1 desc,us180
myproduct181,myproduct181,4,1,501,2.99,4,4,brand name,short description,description,0,100,10,1,Phone Model X180,Phone Model X1 keyword,Phone Model X1 desc,us181
myproduct182,myproduct182,4,1,501,2.99,4,4,brand name,short description,description,0,100,10,1,Phone Model X181,Phone Model X1 keyword,Phone Model X1 desc,us182
myproduct183,myproduct183,4,1,501,2.99,4,4,brand name,short description,description,0,100,10,1,Phone Model X182,Phone Model X1 keyword,Phone Model X1 desc,us183
myproduct184,myproduct184,4,1,501,2.99,4,4,brand name,short description,description,0,100,10,1,Phone Model X183,Phone Model X1 keyword,Phone Model X1 desc,us184
myproduct185,myproduct185,4,1,501,2.99,4,4,brand name,short description,description,0,100,10,1,Phone Model X184,Phone Model X1 keyword,Phone Model X1 desc,us185
myproduct186,myproduct186,4,1,501,2.99,4,4,brand name,short description,description,0,100,10,1,Phone Model X185,Phone Model X1 keyword,Phone Model X1 desc,us186
myproduct187,myproduct187,4,1,501,2.99,4,4,brand name,short description,description,0,100,10,1,Phone Model X186,Phone Model X1 keyword,Phone Model X1 desc,us187
myproduct188,myproduct188,4,1,501,2.99,4,4,brand name,short description,description,0,100,10,1,Phone Model X187,Phone Model X1 keyword,Phone Model X1 desc,us188
myproduct189,myproduct189,4,1,501,2.99,4,4,brand name,short description,description,0,100,10,1,Phone Model X188,Phone Model X1 keyword,Phone Model X1 desc,us189
myproduct190,myproduct190,4,1,501,2.99,4,4,brand name,short description,description,0,100,10,1,Phone Model X189,Phone Model X1 keyword,Phone Model X1 desc,us190
myproduct191,myproduct191,4,1,501,2.99,4,4,brand name,short description,description,0,100,10,1,Phone Model X190,Phone Model X1 keyword,Phone Model X1 desc,us191
myproduct192,myproduct192,4,1,501,2.99,4,4,brand name,short description,description,0,100,10,1,Phone Model X191,Phone Model X1 keyword,Phone Model X1 desc,us192
myproduct193,myproduct193,4,1,501,2.99,4,4,brand name,short description,description,0,100,10,1,Phone Model X192,Phone Model X1 keyword,Phone Model X1 desc,us193
myproduct194,myproduct194,4,1,501,2.99,4,4,brand name,short description,description,0,100,10,1,Phone Model X193,Phone Model X1 keyword,Phone Model X1 desc,us194
myproduct195,myproduct195,4,1,501,2.99,4,4,brand name,short description,description,0,100,10,1,Phone Model X194,Phone Model X1 keyword,Phone Model X1 desc,us195
myproduct196,myproduct196,4,1,501,2.99,4,4,brand name,short description,description,0,100,10,1,Phone Model X195,Phone Model X1 keyword,Phone Model X1 desc,us196
myproduct197,myproduct197,4,1,501,2.99,4,4,brand name,short description,description,0,100,10,1,Phone Model X196,Phone Model X1 keyword,Phone Model X1 desc,us197
myproduct198,myproduct198,4,1,501,2.99,4,4,brand name,short description,description,0,100,10,1,Phone Model X197,Phone Model X1 keyword,Phone Model X1 desc,us198
myproduct199,myproduct199,4,1,501,2.99,4,4,brand name,short description,description,0,100,10,1,Phone Model X198,Phone Model X1 keyword,Phone Model X1 desc,us199
myproduct200,myproduct200,4,1,501,2.99,4,4,brand name,short description,description,0,100,10,1,Phone Model X199,Phone Model X1 keyword,Phone Model X1 desc,us200
myproduct201,myproduct201,4,1,501,2.99,4,4,brand name,short description,description,0,100,10,1,Phone Model X200,Phone Model X1 keyword,Phone Model X1 desc,us201
myproduct202,myproduct202,4,1,501,2.99,4,4,brand name,short description,description,0,100,10,1,Phone Model X201,Phone Model X1 keyword,Phone Model X1 desc,us202
myproduct203,myproduct203,4,1,501,2.99,4,4,brand name,short description,description,0,100,10,1,Phone Model X202,Phone Model X1 keyword,Phone Model X1 desc,us203
myproduct204,myproduct204,4,1,501,2.99,4,4,brand name,short description,description,0,100,10,1,Phone Model X203,Phone Model X1 keyword,Phone Model X1 desc,us204
myproduct205,myproduct205,4,1,501,2.99,4,4,brand name,short description,description,0,100,10,1,Phone Model X204,Phone Model X1 keyword,Phone Model X1 desc,us205
myproduct206,myproduct206,4,1,501,2.99,4,4,brand name,short description,description,0,100,10,1,Phone Model X205,Phone Model X1 keyword,Phone Model X1 desc,us206
myproduct207,myproduct207,4,1,501,2.99,4,4,brand name,short description,description,0,100,10,1,Phone Model X206,Phone Model X1 keyword,Phone Model X1 desc,us207
myproduct208,myproduct208,4,1,501,2.99,4,4,brand name,short description,description,0,100,10,1,Phone Model X207,Phone Model X1 keyword,Phone Model X1 desc,us208
myproduct209,myproduct209,4,1,501,2.99,4,4,brand name,short description,description,0,100,10,1,Phone Model X208,Phone Model X1 keyword,Phone Model X1 desc,us209
myproduct210,myproduct210,4,1,501,2.99,4,4,brand name,short description,description,0,100,10,1,Phone Model X209,Phone Model X1 keyword,Phone Model X1 desc,us210
myproduct211,myproduct211,4,1,501,2.99,4,4,brand name,short description,description,0,100,10,1,Phone Model X210,Phone Model X1 keyword,Phone Model X1 desc,us211
myproduct212,myproduct212,4,1,501,2.99,4,4,brand name,short description,description,0,100,10,1,Phone Model X211,Phone Model X1 keyword,Phone Model X1 desc,us212
myproduct213,myproduct213,4,1,501,2.99,4,4,brand name,short description,description,0,100,10,1,Phone Model X212,Phone Model X1 keyword,Phone Model X1 desc,us213
myproduct214,myproduct214,4,1,501,2.99,4,4,brand name,short description,description,0,100,10,1,Phone Model X213,Phone Model X1 keyword,Phone Model X1 desc,us214
myproduct215,myproduct215,4,1,501,2.99,4,4,brand name,short description,description,0,100,10,1,Phone Model X214,Phone Model X1 keyword,Phone Model X1 desc,us215
myproduct216,myproduct216,4,1,501,2.99,4,4,brand name,short description,description,0,100,10,1,Phone Model X215,Phone Model X1 keyword,Phone Model X1 desc,us216
myproduct217,myproduct217,4,1,501,2.99,4,4,brand name,short description,description,0,100,10,1,Phone Model X216,Phone Model X1 keyword,Phone Model X1 desc,us217
myproduct218,myproduct218,4,1,501,2.99,4,4,brand name,short description,description,0,100,10,1,Phone Model X217,Phone Model X1 keyword,Phone Model X1 desc,us218
myproduct219,myproduct219,4,1,501,2.99,4,4,brand name,short description,description,0,100,10,1,Phone Model X218,Phone Model X1 keyword,Phone Model X1 desc,us219
myproduct220,myproduct220,4,1,501,2.99,4,4,brand name,short description,description,0,100,10,1,Phone Model X219,Phone Model X1 keyword,Phone Model X1 desc,us220
myproduct221,myproduct221,4,1,501,2.99,4,4,brand name,short description,description,0,100,10,1,Phone Model X220,Phone Model X1 keyword,Phone Model X1 desc,us221
myproduct222,myproduct222,4,1,501,2.99,4,4,brand name,short description,description,0,100,10,1,Phone Model X221,Phone Model X1 keyword,Phone Model X1 desc,us222
myproduct223,myproduct223,4,1,501,2.99,4,4,brand name,short description,description,0,100,10,1,Phone Model X222,Phone Model X1 keyword,Phone Model X1 desc,us223
myproduct224,myproduct224,4,1,501,2.99,4,4,brand name,short description,description,0,100,10,1,Phone Model X223,Phone Model X1 keyword,Phone Model X1 desc,us224
myproduct225,myproduct225,4,1,501,2.99,4,4,brand name,short description,description,0,100,10,1,Phone Model X224,Phone Model X1 keyword,Phone Model X1 desc,us225
myproduct226,myproduct226,4,1,501,2.99,4,4,brand name,short description,description,0,100,10,1,Phone Model X225,Phone Model X1 keyword,Phone Model X1 desc,us226
myproduct227,myproduct227,4,1,501,2.99,4,4,brand name,short description,description,0,100,10,1,Phone Model X226,Phone Model X1 keyword,Phone Model X1 desc,us227
myproduct228,myproduct228,4,1,501,2.99,4,4,brand name,short description,description,0,100,10,1,Phone Model X227,Phone Model X1 keyword,Phone Model X1 desc,us228
myproduct229,myproduct229,4,1,501,2.99,4,4,brand name,short description,description,0,100,10,1,Phone Model X228,Phone Model X1 keyword,Phone Model X1 desc,us229
myproduct230,myproduct230,4,1,501,2.99,4,4,brand name,short description,description,0,100,10,1,Phone Model X229,Phone Model X1 keyword,Phone Model X1 desc,us230
myproduct231,myproduct231,4,1,501,2.99,4,4,brand name,short description,description,0,100,10,1,Phone Model X230,Phone Model X1 keyword,Phone Model X1 desc,us231
myproduct232,myproduct232,4,1,501,2.99,4,4,brand name,short description,description,0,100,10,1,Phone Model X231,Phone Model X1 keyword,Phone Model X1 desc,us232
myproduct233,myproduct233,4,1,501,2.99,4,4,brand name,short description,description,0,100,10,1,Phone Model X232,Phone Model X1 keyword,Phone Model X1 desc,us233
myproduct234,myproduct234,4,1,501,2.99,4,4,brand name,short description,description,0,100,10,1,Phone Model X233,Phone Model X1 keyword,Phone Model X1 desc,us234
myproduct235,myproduct235,4,1,501,2.99,4,4,brand name,short description,description,0,100,10,1,Phone Model X234,Phone Model X1 keyword,Phone Model X1 desc,us235
myproduct236,myproduct236,4,1,501,2.99,4,4,brand name,short description,description,0,100,10,1,Phone Model X235,Phone Model X1 keyword,Phone Model X1 desc,us236
myproduct237,myproduct237,4,1,501,2.99,4,4,brand name,short description,description,0,100,10,1,Phone Model X236,Phone Model X1 keyword,Phone Model X1 desc,us237
myproduct238,myproduct238,4,1,501,2.99,4,4,brand name,short description,description,0,100,10,1,Phone Model X237,Phone Model X1 keyword,Phone Model X1 desc,us238
myproduct239,myproduct239,4,1,501,2.99,4,4,brand name,short description,description,0,100,10,1,Phone Model X238,Phone Model X1 keyword,Phone Model X1 desc,us239
myproduct240,myproduct240,4,1,501,2.99,4,4,brand name,short description,description,0,100,10,1,Phone Model X239,Phone Model X1 keyword,Phone Model X1 desc,us240
myproduct241,myproduct241,4,1,501,2.99,4,4,brand name,short description,description,0,100,10,1,Phone Model X240,Phone Model X1 keyword,Phone Model X1 desc,us241
myproduct242,myproduct242,4,1,501,2.99,4,4,brand name,short description,description,0,100,10,1,Phone Model X241,Phone Model X1 keyword,Phone Model X1 desc,us242
myproduct243,myproduct243,4,1,501,2.99,4,4,brand name,short description,description,0,100,10,1,Phone Model X242,Phone Model X1 keyword,Phone Model X1 desc,us243
myproduct244,myproduct244,4,1,501,2.99,4,4,brand name,short description,description,0,100,10,1,Phone Model X243,Phone Model X1 keyword,Phone Model X1 desc,us244
myproduct245,myproduct245,4,1,501,2.99,4,4,brand name,short description,description,0,100,10,1,Phone Model X244,Phone Model X1 keyword,Phone Model X1 desc,us245
myproduct246,myproduct246,4,1,501,2.99,4,4,brand name,short description,description,0,100,10,1,Phone Model X245,Phone Model X1 keyword,Phone Model X1 desc,us246
myproduct247,myproduct247,4,1,501,2.99,4,4,brand name,short description,description,0,100,10,1,Phone Model X246,Phone Model X1 keyword,Phone Model X1 desc,us247
myproduct248,myproduct248,4,1,501,2.99,4,4,brand name,short description,description,0,100,10,1,Phone Model X247,Phone Model X1 keyword,Phone Model X1 desc,us248
myproduct249,myproduct249,4,1,501,2.99,4,4,brand name,short description,description,0,100,10,1,Phone Model X248,Phone Model X1 keyword,Phone Model X1 desc,us249
myproduct250,myproduct250,4,1,501,2.99,4,4,brand name,short description,description,0,100,10,1,Phone Model X249,Phone Model X1 keyword,Phone Model X1 desc,us250
myproduct251,myproduct251,4,1,501,2.99,4,4,brand name,short description,description,0,100,10,1,Phone Model X250,Phone Model X1 keyword,Phone Model X1 desc,us251
myproduct252,myproduct252,4,1,501,2.99,4,4,brand name,short description,description,0,100,10,1,Phone Model X251,Phone Model X1 keyword,Phone Model X1 desc,us252
myproduct253,myproduct253,4,1,501,2.99,4,4,brand name,short description,description,0,100,10,1,Phone Model X252,Phone Model X1 keyword,Phone Model X1 desc,us253
myproduct254,myproduct254,4,1,501,2.99,4,4,brand name,short description,description,0,100,10,1,Phone Model X253,Phone Model X1 keyword,Phone Model X1 desc,us254
myproduct255,myproduct255,4,1,501,2.99,4,4,brand name,short description,description,0,100,10,1,Phone Model X254,Phone Model X1 keyword,Phone Model X1 desc,us255
myproduct256,myproduct256,4,1,501,2.99,4,4,brand name,short description,description,0,100,10,1,Phone Model X255,Phone Model X1 keyword,Phone Model X1 desc,us256
myproduct257,myproduct257,4,1,501,2.99,4,4,brand name,short description,description,0,100,10,1,Phone Model X256,Phone Model X1 keyword,Phone Model X1 desc,us257
myproduct258,myproduct258,4,1,501,2.99,4,4,brand name,short description,description,0,100,10,1,Phone Model X257,Phone Model X1 keyword,Phone Model X1 desc,us258
myproduct259,myproduct259,4,1,501,2.99,4,4,brand name,short description,description,0,100,10,1,Phone Model X258,Phone Model X1 keyword,Phone Model X1 desc,us259
myproduct260,myproduct260,4,1,501,2.99,4,4,brand name,short description,description,0,100,10,1,Phone Model X259,Phone Model X1 keyword,Phone Model X1 desc,us260
myproduct261,myproduct261,4,1,501,2.99,4,4,brand name,short description,description,0,100,10,1,Phone Model X260,Phone Model X1 keyword,Phone Model X1 desc,us261
myproduct262,myproduct262,4,1,501,2.99,4,4,brand name,short description,description,0,100,10,1,Phone Model X261,Phone Model X1 keyword,Phone Model X1 desc,us262
myproduct263,myproduct263,4,1,501,2.99,4,4,brand name,short description,description,0,100,10,1,Phone Model X262,Phone Model X1 keyword,Phone Model X1 desc,us263
myproduct264,myproduct264,4,1,501,2.99,4,4,brand name,short description,description,0,100,10,1,Phone Model X263,Phone Model X1 keyword,Phone Model X1 desc,us264
myproduct265,myproduct265,4,1,501,2.99,4,4,brand name,short description,description,0,100,10,1,Phone Model X264,Phone Model X1 keyword,Phone Model X1 desc,us265
myproduct266,myproduct266,4,1,501,2.99,4,4,brand name,short description,description,0,100,10,1,Phone Model X265,Phone Model X1 keyword,Phone Model X1 desc,us266
myproduct267,myproduct267,4,1,501,2.99,4,4,brand name,short description,description,0,100,10,1,Phone Model X266,Phone Model X1 keyword,Phone Model X1 desc,us267
myproduct268,myproduct268,4,1,501,2.99,4,4,brand name,short description,description,0,100,10,1,Phone Model X267,Phone Model X1 keyword,Phone Model X1 desc,us268
myproduct269,myproduct269,4,1,501,2.99,4,4,brand name,short description,description,0,100,10,1,Phone Model X268,Phone Model X1 keyword,Phone Model X1 desc,us269
myproduct270,myproduct270,4,1,501,2.99,4,4,brand name,short description,description,0,100,10,1,Phone Model X269,Phone Model X1 keyword,Phone Model X1 desc,us270
myproduct271,myproduct271,4,1,501,2.99,4,4,brand name,short description,description,0,100,10,1,Phone Model X270,Phone Model X1 keyword,Phone Model X1 desc,us271
myproduct272,myproduct272,4,1,501,2.99,4,4,brand name,short description,description,0,100,10,1,Phone Model X271,Phone Model X1 keyword,Phone Model X1 desc,us272
myproduct273,myproduct273,4,1,501,2.99,4,4,brand name,short description,description,0,100,10,1,Phone Model X272,Phone Model X1 keyword,Phone Model X1 desc,us273
myproduct274,myproduct274,4,1,501,2.99,4,4,brand name,short description,description,0,100,10,1,Phone Model X273,Phone Model X1 keyword,Phone Model X1 desc,us274
myproduct275,myproduct275,4,1,501,2.99,4,4,brand name,short description,description,0,100,10,1,Phone Model X274,Phone Model X1 keyword,Phone Model X1 desc,us275
myproduct276,myproduct276,4,1,501,2.99,4,4,brand name,short description,description,0,100,10,1,Phone Model X275,Phone Model X1 keyword,Phone Model X1 desc,us276
myproduct277,myproduct277,4,1,501,2.99,4,4,brand name,short description,description,0,100,10,1,Phone Model X276,Phone Model X1 keyword,Phone Model X1 desc,us277
myproduct278,myproduct278,4,1,501,2.99,4,4,brand name,short description,description,0,100,10,1,Phone Model X277,Phone Model X1 keyword,Phone Model X1 desc,us278
myproduct279,myproduct279,4,1,501,2.99,4,4,brand name,short description,description,0,100,10,1,Phone Model X278,Phone Model X1 keyword,Phone Model X1 desc,us279
myproduct280,myproduct280,4,1,501,2.99,4,4,brand name,short description,description,0,100,10,1,Phone Model X279,Phone Model X1 keyword,Phone Model X1 desc,us280
myproduct281,myproduct281,4,1,501,2.99,4,4,brand name,short description,description,0,100,10,1,Phone Model X280,Phone Model X1 keyword,Phone Model X1 desc,us281
myproduct282,myproduct282,4,1,501,2.99,4,4,brand name,short description,description,0,100,10,1,Phone Model X281,Phone Model X1 keyword,Phone Model X1 desc,us282
myproduct283,myproduct283,4,1,501,2.99,4,4,brand name,short description,description,0,100,10,1,Phone Model X282,Phone Model X1 keyword,Phone Model X1 desc,us283
myproduct284,myproduct284,4,1,501,2.99,4,4,brand name,short description,description,0,100,10,1,Phone Model X283,Phone Model X1 keyword,Phone Model X1 desc,us284
myproduct285,myproduct285,4,1,501,2.99,4,4,brand name,short description,description,0,100,10,1,Phone Model X284,Phone Model X1 keyword,Phone Model X1 desc,us285
myproduct286,myproduct286,4,1,501,2.99,4,4,brand name,short description,description,0,100,10,1,Phone Model X285,Phone Model X1 keyword,Phone Model X1 desc,us286
myproduct287,myproduct287,4,1,501,2.99,4,4,brand name,short description,description,0,100,10,1,Phone Model X286,Phone Model X1 keyword,Phone Model X1 desc,us287
myproduct288,myproduct288,4,1,501,2.99,4,4,brand name,short description,description,0,100,10,1,Phone Model X287,Phone Model X1 keyword,Phone Model X1 desc,us288
myproduct289,myproduct289,4,1,501,2.99,4,4,brand name,short description,description,0,100,10,1,Phone Model X288,Phone Model X1 keyword,Phone Model X1 desc,us289
myproduct290,myproduct290,4,1,501,2.99,4,4,brand name,short description,description,0,100,10,1,Phone Model X289,Phone Model X1 keyword,Phone Model X1 desc,us290
myproduct291,myproduct291,4,1,501,2.99,4,4,brand name,short description,description,0,100,10,1,Phone Model X290,Phone Model X1 keyword,Phone Model X1 desc,us291
myproduct292,myproduct292,4,1,501,2.99,4,4,brand name,short description,description,0,100,10,1,Phone Model X291,Phone Model X1 keyword,Phone Model X1 desc,us292
myproduct293,myproduct293,4,1,501,2.99,4,4,brand name,short description,description,0,100,10,1,Phone Model X292,Phone Model X1 keyword,Phone Model X1 desc,us293
myproduct294,myproduct294,4,1,501,2.99,4,4,brand name,short description,description,0,100,10,1,Phone Model X293,Phone Model X1 keyword,Phone Model X1 desc,us294
myproduct295,myproduct295,4,1,501,2.99,4,4,brand name,short description,description,0,100,10,1,Phone Model X294,Phone Model X1 keyword,Phone Model X1 desc,us295
myproduct296,myproduct296,4,1,501,2.99,4,4,brand name,short description,description,0,100,10,1,Phone Model X295,Phone Model X1 keyword,Phone Model X1 desc,us296
myproduct297,myproduct297,4,1,501,2.99,4,4,brand name,short description,description,0,100,10,1,Phone Model X296,Phone Model X1 keyword,Phone Model X1 desc,us297
myproduct298,myproduct298,4,1,501,2.99,4,4,brand name,short description,description,0,100,10,1,Phone Model X297,Phone Model X1 keyword,Phone Model X1 desc,us298
myproduct299,myproduct299,4,1,501,2.99,4,4,brand name,short description,description,0,100,10,1,Phone Model X298,Phone Model X1 keyword,Phone Model X1 desc,us299
myproduct300,myproduct300,4,1,501,2.99,4,4,brand name,short description,description,0,100,10,1,Phone Model X299,Phone Model X1 keyword,Phone Model X1 desc,us300
myproduct301,myproduct301,4,1,501,2.99,4,4,brand name,short description,description,0,100,10,1,Phone Model X300,Phone Model X1 keyword,Phone Model X1 desc,us301
myproduct302,myproduct302,4,1,501,2.99,4,4,brand name,short description,description,0,100,10,1,Phone Model X301,Phone Model X1 keyword,Phone Model X1 desc,us302
myproduct303,myproduct303,4,1,501,2.99,4,4,brand name,short description,description,0,100,10,1,Phone Model X302,Phone Model X1 keyword,Phone Model X1 desc,us303
myproduct304,myproduct304,4,1,501,2.99,4,4,brand name,short description,description,0,100,10,1,Phone Model X303,Phone Model X1 keyword,Phone Model X1 desc,us304
myproduct305,myproduct305,4,1,501,2.99,4,4,brand name,short description,description,0,100,10,1,Phone Model X304,Phone Model X1 keyword,Phone Model X1 desc,us305
myproduct306,myproduct306,4,1,501,2.99,4,4,brand name,short description,description,0,100,10,1,Phone Model X305,Phone Model X1 keyword,Phone Model X1 desc,us306
myproduct307,myproduct307,4,1,501,2.99,4,4,brand name,short description,description,0,100,10,1,Phone Model X306,Phone Model X1 keyword,Phone Model X1 desc,us307
myproduct308,myproduct308,4,1,501,2.99,4,4,brand name,short description,description,0,100,10,1,Phone Model X307,Phone Model X1 keyword,Phone Model X1 desc,us308
myproduct309,myproduct309,4,1,501,2.99,4,4,brand name,short description,description,0,100,10,1,Phone Model X308,Phone Model X1 keyword,Phone Model X1 desc,us309
myproduct310,myproduct310,4,1,501,2.99,4,4,brand name,short description,description,0,100,10,1,Phone Model X309,Phone Model X1 keyword,Phone Model X1 desc,us310
myproduct311,myproduct311,4,1,501,2.99,4,4,brand name,short description,description,0,100,10,1,Phone Model X310,Phone Model X1 keyword,Phone Model X1 desc,us311
myproduct312,myproduct312,4,1,501,2.99,4,4,brand name,short description,description,0,100,10,1,Phone Model X311,Phone Model X1 keyword,Phone Model X1 desc,us312
myproduct313,myproduct313,4,1,501,2.99,4,4,brand name,short description,description,0,100,10,1,Phone Model X312,Phone Model X1 keyword,Phone Model X1 desc,us313
myproduct314,myproduct314,4,1,501,2.99,4,4,brand name,short description,description,0,100,10,1,Phone Model X313,Phone Model X1 keyword,Phone Model X1 desc,us314
myproduct315,myproduct315,4,1,501,2.99,4,4,brand name,short description,description,0,100,10,1,Phone Model X314,Phone Model X1 keyword,Phone Model X1 desc,us315
myproduct316,myproduct316,4,1,501,2.99,4,4,brand name,short description,description,0,100,10,1,Phone Model X315,Phone Model X1 keyword,Phone Model X1 desc,us316
myproduct317,myproduct317,4,1,501,2.99,4,4,brand name,short description,description,0,100,10,1,Phone Model X316,Phone Model X1 keyword,Phone Model X1 desc,us317
myproduct318,myproduct318,4,1,501,2.99,4,4,brand name,short description,description,0,100,10,1,Phone Model X317,Phone Model X1 keyword,Phone Model X1 desc,us318
myproduct319,myproduct319,4,1,501,2.99,4,4,brand name,short description,description,0,100,10,1,Phone Model X318,Phone Model X1 keyword,Phone Model X1 desc,us319
myproduct320,myproduct320,4,1,501,2.99,4,4,brand name,short description,description,0,100,10,1,Phone Model X319,Phone Model X1 keyword,Phone Model X1 desc,us320
myproduct321,myproduct321,4,1,501,2.99,4,4,brand name,short description,description,0,100,10,1,Phone Model X320,Phone Model X1 keyword,Phone Model X1 desc,us321
myproduct322,myproduct322,4,1,501,2.99,4,4,brand name,short description,description,0,100,10,1,Phone Model X321,Phone Model X1 keyword,Phone Model X1 desc,us322
myproduct323,myproduct323,4,1,501,2.99,4,4,brand name,short description,description,0,100,10,1,Phone Model X322,Phone Model X1 keyword,Phone Model X1 desc,us323
myproduct324,myproduct324,4,1,501,2.99,4,4,brand name,short description,description,0,100,10,1,Phone Model X323,Phone Model X1 keyword,Phone Model X1 desc,us324
myproduct325,myproduct325,4,1,501,2.99,4,4,brand name,short description,description,0,100,10,1,Phone Model X324,Phone Model X1 keyword,Phone Model X1 desc,us325
myproduct326,myproduct326,4,1,501,2.99,4,4,brand name,short description,description,0,100,10,1,Phone Model X325,Phone Model X1 keyword,Phone Model X1 desc,us326
myproduct327,myproduct327,4,1,501,2.99,4,4,brand name,short description,description,0,100,10,1,Phone Model X326,Phone Model X1 keyword,Phone Model X1 desc,us327
myproduct328,myproduct328,4,1,501,2.99,4,4,brand name,short description,description,0,100,10,1,Phone Model X327,Phone Model X1 keyword,Phone Model X1 desc,us328
myproduct329,myproduct329,4,1,501,2.99,4,4,brand name,short description,description,0,100,10,1,Phone Model X328,Phone Model X1 keyword,Phone Model X1 desc,us329
myproduct330,myproduct330,4,1,501,2.99,4,4,brand name,short description,description,0,100,10,1,Phone Model X329,Phone Model X1 keyword,Phone Model X1 desc,us330
myproduct331,myproduct331,4,1,501,2.99,4,4,brand name,short description,description,0,100,10,1,Phone Model X330,Phone Model X1 keyword,Phone Model X1 desc,us331
myproduct332,myproduct332,4,1,501,2.99,4,4,brand name,short description,description,0,100,10,1,Phone Model X331,Phone Model X1 keyword,Phone Model X1 desc,us332
myproduct333,myproduct333,4,1,501,2.99,4,4,brand name,short description,description,0,100,10,1,Phone Model X332,Phone Model X1 keyword,Phone Model X1 desc,us333
myproduct334,myproduct334,4,1,501,2.99,4,4,brand name,short description,description,0,100,10,1,Phone Model X333,Phone Model X1 keyword,Phone Model X1 desc,us334
myproduct335,myproduct335,4,1,501,2.99,4,4,brand name,short description,description,0,100,10,1,Phone Model X334,Phone Model X1 keyword,Phone Model X1 desc,us335
myproduct336,myproduct336,4,1,501,2.99,4,4,brand name,short description,description,0,100,10,1,Phone Model X335,Phone Model X1 keyword,Phone Model X1 desc,us336
myproduct337,myproduct337,4,1,501,2.99,4,4,brand name,short description,description,0,100,10,1,Phone Model X336,Phone Model X1 keyword,Phone Model X1 desc,us337
myproduct338,myproduct338,4,1,501,2.99,4,4,brand name,short description,description,0,100,10,1,Phone Model X337,Phone Model X1 keyword,Phone Model X1 desc,us338
myproduct339,myproduct339,4,1,501,2.99,4,4,brand name,short description,description,0,100,10,1,Phone Model X338,Phone Model X1 keyword,Phone Model X1 desc,us339
myproduct340,myproduct340,4,1,501,2.99,4,4,brand name,short description,description,0,100,10,1,Phone Model X339,Phone Model X1 keyword,Phone Model X1 desc,us340
myproduct341,myproduct341,4,1,501,2.99,4,4,brand name,short description,description,0,100,10,1,Phone Model X340,Phone Model X1 keyword,Phone Model X1 desc,us341
myproduct342,myproduct342,4,1,501,2.99,4,4,brand name,short description,description,0,100,10,1,Phone Model X341,Phone Model X1 keyword,Phone Model X1 desc,us342
myproduct343,myproduct343,4,1,501,2.99,4,4,brand name,short description,description,0,100,10,1,Phone Model X342,Phone Model X1 keyword,Phone Model X1 desc,us343
myproduct344,myproduct344,4,1,501,2.99,4,4,brand name,short description,description,0,100,10,1,Phone Model X343,Phone Model X1 keyword,Phone Model X1 desc,us344
myproduct345,myproduct345,4,1,501,2.99,4,4,brand name,short description,description,0,100,10,1,Phone Model X344,Phone Model X1 keyword,Phone Model X1 desc,us345
myproduct346,myproduct346,4,1,501,2.99,4,4,brand name,short description,description,0,100,10,1,Phone Model X345,Phone Model X1 keyword,Phone Model X1 desc,us346
myproduct347,myproduct347,4,1,501,2.99,4,4,brand name,short description,description,0,100,10,1,Phone Model X346,Phone Model X1 keyword,Phone Model X1 desc,us347
myproduct348,myproduct348,4,1,501,2.99,4,4,brand name,short description,description,0,100,10,1,Phone Model X347,Phone Model X1 keyword,Phone Model X1 desc,us348
myproduct349,myproduct349,4,1,501,2.99,4,4,brand name,short description,description,0,100,10,1,Phone Model X348,Phone Model X1 keyword,Phone Model X1 desc,us349
myproduct350,myproduct350,4,1,501,2.99,4,4,brand name,short description,description,0,100,10,1,Phone Model X349,Phone Model X1 keyword,Phone Model X1 desc,us350
myproduct351,myproduct351,4,1,501,2.99,4,4,brand name,short description,description,0,100,10,1,Phone Model X350,Phone Model X1 keyword,Phone Model X1 desc,us351
myproduct352,myproduct352,4,1,501,2.99,4,4,brand name,short description,description,0,100,10,1,Phone Model X351,Phone Model X1 keyword,Phone Model X1 desc,us352
myproduct353,myproduct353,4,1,501,2.99,4,4,brand name,short description,description,0,100,10,1,Phone Model X352,Phone Model X1 keyword,Phone Model X1 desc,us353
myproduct354,myproduct354,4,1,501,2.99,4,4,brand name,short description,description,0,100,10,1,Phone Model X353,Phone Model X1 keyword,Phone Model X1 desc,us354
myproduct355,myproduct355,4,1,501,2.99,4,4,brand name,short description,description,0,100,10,1,Phone Model X354,Phone Model X1 keyword,Phone Model X1 desc,us355
myproduct356,myproduct356,4,1,501,2.99,4,4,brand name,short description,description,0,100,10,1,Phone Model X355,Phone Model X1 keyword,Phone Model X1 desc,us356
myproduct357,myproduct357,4,1,501,2.99,4,4,brand name,short description,description,0,100,10,1,Phone Model X356,Phone Model X1 keyword,Phone Model X1 desc,us357
myproduct358,myproduct358,4,1,501,2.99,4,4,brand name,short description,description,0,100,10,1,Phone Model X357,Phone Model X1 keyword,Phone Model X1 desc,us358
myproduct359,myproduct359,4,1,501,2.99,4,4,brand name,short description,description,0,100,10,1,Phone Model X358,Phone Model X1 keyword,Phone Model X1 desc,us359
myproduct360,myproduct360,4,1,501,2.99,4,4,brand name,short description,description,0,100,10,1,Phone Model X359,Phone Model X1 keyword,Phone Model X1 desc,us360
myproduct361,myproduct361,4,1,501,2.99,4,4,brand name,short description,description,0,100,10,1,Phone Model X360,Phone Model X1 keyword,Phone Model X1 desc,us361
myproduct362,myproduct362,4,1,501,2.99,4,4,brand name,short description,description,0,100,10,1,Phone Model X361,Phone Model X1 keyword,Phone Model X1 desc,us362
myproduct363,myproduct363,4,1,501,2.99,4,4,brand name,short description,description,0,100,10,1,Phone Model X362,Phone Model X1 keyword,Phone Model X1 desc,us363
myproduct364,myproduct364,4,1,501,2.99,4,4,brand name,short description,description,0,100,10,1,Phone Model X363,Phone Model X1 keyword,Phone Model X1 desc,us364
myproduct365,myproduct365,4,1,501,2.99,4,4,brand name,short description,description,0,100,10,1,Phone Model X364,Phone Model X1 keyword,Phone Model X1 desc,us365
myproduct366,myproduct366,4,1,501,2.99,4,4,brand name,short description,description,0,100,10,1,Phone Model X365,Phone Model X1 keyword,Phone Model X1 desc,us366
myproduct367,myproduct367,4,1,501,2.99,4,4,brand name,short description,description,0,100,10,1,Phone Model X366,Phone Model X1 keyword,Phone Model X1 desc,us367
myproduct368,myproduct368,4,1,501,2.99,4,4,brand name,short description,description,0,100,10,1,Phone Model X367,Phone Model X1 keyword,Phone Model X1 desc,us368
myproduct369,myproduct369,4,1,501,2.99,4,4,brand name,short description,description,0,100,10,1,Phone Model X368,Phone Model X1 keyword,Phone Model X1 desc,us369
myproduct370,myproduct370,4,1,501,2.99,4,4,brand name,short description,description,0,100,10,1,Phone Model X369,Phone Model X1 keyword,Phone Model X1 desc,us370
myproduct371,myproduct371,4,1,501,2.99,4,4,brand name,short description,description,0,100,10,1,Phone Model X370,Phone Model X1 keyword,Phone Model X1 desc,us371
myproduct372,myproduct372,4,1,501,2.99,4,4,brand name,short description,description,0,100,10,1,Phone Model X371,Phone Model X1 keyword,Phone Model X1 desc,us372
myproduct373,myproduct373,4,1,501,2.99,4,4,brand name,short description,description,0,100,10,1,Phone Model X372,Phone Model X1 keyword,Phone Model X1 desc,us373
myproduct374,myproduct374,4,1,501,2.99,4,4,brand name,short description,description,0,100,10,1,Phone Model X373,Phone Model X1 keyword,Phone Model X1 desc,us374
myproduct375,myproduct375,4,1,501,2.99,4,4,brand name,short description,description,0,100,10,1,Phone Model X374,Phone Model X1 keyword,Phone Model X1 desc,us375
myproduct376,myproduct376,4,1,501,2.99,4,4,brand name,short description,description,0,100,10,1,Phone Model X375,Phone Model X1 keyword,Phone Model X1 desc,us376
myproduct377,myproduct377,4,1,501,2.99,4,4,brand name,short description,description,0,100,10,1,Phone Model X376,Phone Model X1 keyword,Phone Model X1 desc,us377
myproduct378,myproduct378,4,1,501,2.99,4,4,brand name,short description,description,0,100,10,1,Phone Model X377,Phone Model X1 keyword,Phone Model X1 desc,us378
myproduct379,myproduct379,4,1,501,2.99,4,4,brand name,short description,description,0,100,10,1,Phone Model X378,Phone Model X1 keyword,Phone Model X1 desc,us379
myproduct380,myproduct380,4,1,501,2.99,4,4,brand name,short description,description,0,100,10,1,Phone Model X379,Phone Model X1 keyword,Phone Model X1 desc,us380
myproduct381,myproduct381,4,1,501,2.99,4,4,brand name,short description,description,0,100,10,1,Phone Model X380,Phone Model X1 keyword,Phone Model X1 desc,us381
myproduct382,myproduct382,4,1,501,2.99,4,4,brand name,short description,description,0,100,10,1,Phone Model X381,Phone Model X1 keyword,Phone Model X1 desc,us382
myproduct383,myproduct383,4,1,501,2.99,4,4,brand name,short description,description,0,100,10,1,Phone Model X382,Phone Model X1 keyword,Phone Model X1 desc,us383
myproduct384,myproduct384,4,1,501,2.99,4,4,brand name,short description,description,0,100,10,1,Phone Model X383,Phone Model X1 keyword,Phone Model X1 desc,us384
myproduct385,myproduct385,4,1,501,2.99,4,4,brand name,short description,description,0,100,10,1,Phone Model X384,Phone Model X1 keyword,Phone Model X1 desc,us385
myproduct386,myproduct386,4,1,501,2.99,4,4,brand name,short description,description,0,100,10,1,Phone Model X385,Phone Model X1 keyword,Phone Model X1 desc,us386
myproduct387,myproduct387,4,1,501,2.99,4,4,brand name,short description,description,0,100,10,1,Phone Model X386,Phone Model X1 keyword,Phone Model X1 desc,us387
myproduct388,myproduct388,4,1,501,2.99,4,4,brand name,short description,description,0,100,10,1,Phone Model X387,Phone Model X1 keyword,Phone Model X1 desc,us388
myproduct389,myproduct389,4,1,501,2.99,4,4,brand name,short description,description,0,100,10,1,Phone Model X388,Phone Model X1 keyword,Phone Model X1 desc,us389
myproduct390,myproduct390,4,1,501,2.99,4,4,brand name,short description,description,0,100,10,1,Phone Model X389,Phone Model X1 keyword,Phone Model X1 desc,us390
myproduct391,myproduct391,4,1,501,2.99,4,4,brand name,short description,description,0,100,10,1,Phone Model X390,Phone Model X1 keyword,Phone Model X1 desc,us391
myproduct392,myproduct392,4,1,501,2.99,4,4,brand name,short description,description,0,100,10,1,Phone Model X391,Phone Model X1 keyword,Phone Model X1 desc,us392
myproduct393,myproduct393,4,1,501,2.99,4,4,brand name,short description,description,0,100,10,1,Phone Model X392,Phone Model X1 keyword,Phone Model X1 desc,us393
myproduct394,myproduct394,4,1,501,2.99,4,4,brand name,short description,description,0,100,10,1,Phone Model X393,Phone Model X1 keyword,Phone Model X1 desc,us394
myproduct395,myproduct395,4,1,501,2.99,4,4,brand name,short description,description,0,100,10,1,Phone Model X394,Phone Model X1 keyword,Phone Model X1 desc,us395
myproduct396,myproduct396,4,1,501,2.99,4,4,brand name,short description,description,0,100,10,1,Phone Model X395,Phone Model X1 keyword,Phone Model X1 desc,us396
myproduct397,myproduct397,4,1,501,2.99,4,4,brand name,short description,description,0,100,10,1,Phone Model X396,Phone Model X1 keyword,Phone Model X1 desc,us397
myproduct398,myproduct398,4,1,501,2.99,4,4,brand name,short description,description,0,100,10,1,Phone Model X397,Phone Model X1 keyword,Phone Model X1 desc,us398
myproduct399,myproduct399,4,1,501,2.99,4,4,brand name,short description,description,0,100,10,1,Phone Model X398,Phone Model X1 keyword,Phone Model X1 desc,us399
myproduct400,myproduct400,4,1,501,2.99,4,4,brand name,short description,description,0,100,10,1,Phone Model X399,Phone Model X1 keyword,Phone Model X1 desc,us400
myproduct401,myproduct401,4,1,501,2.99,4,4,brand name,short description,description,0,100,10,1,Phone Model X400,Phone Model X1 keyword,Phone Model X1 desc,us401
myproduct402,myproduct402,4,1,501,2.99,4,4,brand name,short description,description,0,100,10,1,Phone Model X401,Phone Model X1 keyword,Phone Model X1 desc,us402
myproduct403,myproduct403,4,1,501,2.99,4,4,brand name,short description,description,0,100,10,1,Phone Model X402,Phone Model X1 keyword,Phone Model X1 desc,us403
myproduct404,myproduct404,4,1,501,2.99,4,4,brand name,short description,description,0,100,10,1,Phone Model X403,Phone Model X1 keyword,Phone Model X1 desc,us404
myproduct405,myproduct405,4,1,501,2.99,4,4,brand name,short description,description,0,100,10,1,Phone Model X404,Phone Model X1 keyword,Phone Model X1 desc,us405
myproduct406,myproduct406,4,1,501,2.99,4,4,brand name,short description,description,0,100,10,1,Phone Model X405,Phone Model X1 keyword,Phone Model X1 desc,us406
myproduct407,myproduct407,4,1,501,2.99,4,4,brand name,short description,description,0,100,10,1,Phone Model X406,Phone Model X1 keyword,Phone Model X1 desc,us407
myproduct408,myproduct408,4,1,501,2.99,4,4,brand name,short description,description,0,100,10,1,Phone Model X407,Phone Model X1 keyword,Phone Model X1 desc,us408
myproduct409,myproduct409,4,1,501,2.99,4,4,brand name,short description,description,0,100,10,1,Phone Model X408,Phone Model X1 keyword,Phone Model X1 desc,us409
myproduct410,myproduct410,4,1,501,2.99,4,4,brand name,short description,description,0,100,10,1,Phone Model X409,Phone Model X1 keyword,Phone Model X1 desc,us410
myproduct411,myproduct411,4,1,501,2.99,4,4,brand name,short description,description,0,100,10,1,Phone Model X410,Phone Model X1 keyword,Phone Model X1 desc,us411
myproduct412,myproduct412,4,1,501,2.99,4,4,brand name,short description,description,0,100,10,1,Phone Model X411,Phone Model X1 keyword,Phone Model X1 desc,us412
myproduct413,myproduct413,4,1,501,2.99,4,4,brand name,short description,description,0,100,10,1,Phone Model X412,Phone Model X1 keyword,Phone Model X1 desc,us413
myproduct414,myproduct414,4,1,501,2.99,4,4,brand name,short description,description,0,100,10,1,Phone Model X413,Phone Model X1 keyword,Phone Model X1 desc,us414
myproduct415,myproduct415,4,1,501,2.99,4,4,brand name,short description,description,0,100,10,1,Phone Model X414,Phone Model X1 keyword,Phone Model X1 desc,us415
myproduct416,myproduct416,4,1,501,2.99,4,4,brand name,short description,description,0,100,10,1,Phone Model X415,Phone Model X1 keyword,Phone Model X1 desc,us416
myproduct417,myproduct417,4,1,501,2.99,4,4,brand name,short description,description,0,100,10,1,Phone Model X416,Phone Model X1 keyword,Phone Model X1 desc,us417
myproduct418,myproduct418,4,1,501,2.99,4,4,brand name,short description,description,0,100,10,1,Phone Model X417,Phone Model X1 keyword,Phone Model X1 desc,us418
myproduct419,myproduct419,4,1,501,2.99,4,4,brand name,short description,description,0,100,10,1,Phone Model X418,Phone Model X1 keyword,Phone Model X1 desc,us419
myproduct420,myproduct420,4,1,501,2.99,4,4,brand name,short description,description,0,100,10,1,Phone Model X419,Phone Model X1 keyword,Phone Model X1 desc,us420
myproduct421,myproduct421,4,1,501,2.99,4,4,brand name,short description,description,0,100,10,1,Phone Model X420,Phone Model X1 keyword,Phone Model X1 desc,us421
myproduct422,myproduct422,4,1,501,2.99,4,4,brand name,short description,description,0,100,10,1,Phone Model X421,Phone Model X1 keyword,Phone Model X1 desc,us422
myproduct423,myproduct423,4,1,501,2.99,4,4,brand name,short description,description,0,100,10,1,Phone Model X422,Phone Model X1 keyword,Phone Model X1 desc,us423
myproduct424,myproduct424,4,1,501,2.99,4,4,brand name,short description,description,0,100,10,1,Phone Model X423,Phone Model X1 keyword,Phone Model X1 desc,us424
myproduct425,myproduct425,4,1,501,2.99,4,4,brand name,short description,description,0,100,10,1,Phone Model X424,Phone Model X1 keyword,Phone Model X1 desc,us425
myproduct426,myproduct426,4,1,501,2.99,4,4,brand name,short description,description,0,100,10,1,Phone Model X425,Phone Model X1 keyword,Phone Model X1 desc,us426
myproduct427,myproduct427,4,1,501,2.99,4,4,brand name,short description,description,0,100,10,1,Phone Model X426,Phone Model X1 keyword,Phone Model X1 desc,us427
myproduct428,myproduct428,4,1,501,2.99,4,4,brand name,short description,description,0,100,10,1,Phone Model X427,Phone Model X1 keyword,Phone Model X1 desc,us428
myproduct429,myproduct429,4,1,501,2.99,4,4,brand name,short description,description,0,100,10,1,Phone Model X428,Phone Model X1 keyword,Phone Model X1 desc,us429
myproduct430,myproduct430,4,1,501,2.99,4,4,brand name,short description,description,0,100,10,1,Phone Model X429,Phone Model X1 keyword,Phone Model X1 desc,us430
myproduct431,myproduct431,4,1,501,2.99,4,4,brand name,short description,description,0,100,10,1,Phone Model X430,Phone Model X1 keyword,Phone Model X1 desc,us431
myproduct432,myproduct432,4,1,501,2.99,4,4,brand name,short description,description,0,100,10,1,Phone Model X431,Phone Model X1 keyword,Phone Model X1 desc,us432
myproduct433,myproduct433,4,1,501,2.99,4,4,brand name,short description,description,0,100,10,1,Phone Model X432,Phone Model X1 keyword,Phone Model X1 desc,us433
myproduct434,myproduct434,4,1,501,2.99,4,4,brand name,short description,description,0,100,10,1,Phone Model X433,Phone Model X1 keyword,Phone Model X1 desc,us434
myproduct435,myproduct435,4,1,501,2.99,4,4,brand name,short description,description,0,100,10,1,Phone Model X434,Phone Model X1 keyword,Phone Model X1 desc,us435
myproduct436,myproduct436,4,1,501,2.99,4,4,brand name,short description,description,0,100,10,1,Phone Model X435,Phone Model X1 keyword,Phone Model X1 desc,us436
myproduct437,myproduct437,4,1,501,2.99,4,4,brand name,short description,description,0,100,10,1,Phone Model X436,Phone Model X1 keyword,Phone Model X1 desc,us437
myproduct438,myproduct438,4,1,501,2.99,4,4,brand name,short description,description,0,100,10,1,Phone Model X437,Phone Model X1 keyword,Phone Model X1 desc,us438
myproduct439,myproduct439,4,1,501,2.99,4,4,brand name,short description,description,0,100,10,1,Phone Model X438,Phone Model X1 keyword,Phone Model X1 desc,us439
myproduct440,myproduct440,4,1,501,2.99,4,4,brand name,short description,description,0,100,10,1,Phone Model X439,Phone Model X1 keyword,Phone Model X1 desc,us440
myproduct441,myproduct441,4,1,501,2.99,4,4,brand name,short description,description,0,100,10,1,Phone Model X440,Phone Model X1 keyword,Phone Model X1 desc,us441
myproduct442,myproduct442,4,1,501,2.99,4,4,brand name,short description,description,0,100,10,1,Phone Model X441,Phone Model X1 keyword,Phone Model X1 desc,us442
myproduct443,myproduct443,4,1,501,2.99,4,4,brand name,short description,description,0,100,10,1,Phone Model X442,Phone Model X1 keyword,Phone Model X1 desc,us443
myproduct444,myproduct444,4,1,501,2.99,4,4,brand name,short description,description,0,100,10,1,Phone Model X443,Phone Model X1 keyword,Phone Model X1 desc,us444
myproduct445,myproduct445,4,1,501,2.99,4,4,brand name,short description,description,0,100,10,1,Phone Model X444,Phone Model X1 keyword,Phone Model X1 desc,us445
myproduct446,myproduct446,4,1,501,2.99,4,4,brand name,short description,description,0,100,10,1,Phone Model X445,Phone Model X1 keyword,Phone Model X1 desc,us446
myproduct447,myproduct447,4,1,501,2.99,4,4,brand name,short description,description,0,100,10,1,Phone Model X446,Phone Model X1 keyword,Phone Model X1 desc,us447
myproduct448,myproduct448,4,1,501,2.99,4,4,brand name,short description,description,0,100,10,1,Phone Model X447,Phone Model X1 keyword,Phone Model X1 desc,us448
myproduct449,myproduct449,4,1,501,2.99,4,4,brand name,short description,description,0,100,10,1,Phone Model X448,Phone Model X1 keyword,Phone Model X1 desc,us449
myproduct450,myproduct450,4,1,501,2.99,4,4,brand name,short description,description,0,100,10,1,Phone Model X449,Phone Model X1 keyword,Phone Model X1 desc,us450
myproduct451,myproduct451,4,1,501,2.99,4,4,brand name,short description,description,0,100,10,1,Phone Model X450,Phone Model X1 keyword,Phone Model X1 desc,us451
myproduct452,myproduct452,4,1,501,2.99,4,4,brand name,short description,description,0,100,10,1,Phone Model X451,Phone Model X1 keyword,Phone Model X1 desc,us452
myproduct453,myproduct453,4,1,501,2.99,4,4,brand name,short description,description,0,100,10,1,Phone Model X452,Phone Model X1 keyword,Phone Model X1 desc,us453
myproduct454,myproduct454,4,1,501,2.99,4,4,brand name,short description,description,0,100,10,1,Phone Model X453,Phone Model X1 keyword,Phone Model X1 desc,us454
myproduct455,myproduct455,4,1,501,2.99,4,4,brand name,short description,description,0,100,10,1,Phone Model X454,Phone Model X1 keyword,Phone Model X1 desc,us455
myproduct456,myproduct456,4,1,501,2.99,4,4,brand name,short description,description,0,100,10,1,Phone Model X455,Phone Model X1 keyword,Phone Model X1 desc,us456
myproduct457,myproduct457,4,1,501,2.99,4,4,brand name,short description,description,0,100,10,1,Phone Model X456,Phone Model X1 keyword,Phone Model X1 desc,us457
myproduct458,myproduct458,4,1,501,2.99,4,4,brand name,short description,description,0,100,10,1,Phone Model X457,Phone Model X1 keyword,Phone Model X1 desc,us458
myproduct459,myproduct459,4,1,501,2.99,4,4,brand name,short description,description,0,100,10,1,Phone Model X458,Phone Model X1 keyword,Phone Model X1 desc,us459
myproduct460,myproduct460,4,1,501,2.99,4,4,brand name,short description,description,0,100,10,1,Phone Model X459,Phone Model X1 keyword,Phone Model X1 desc,us460
myproduct461,myproduct461,4,1,501,2.99,4,4,brand name,short description,description,0,100,10,1,Phone Model X460,Phone Model X1 keyword,Phone Model X1 desc,us461
myproduct462,myproduct462,4,1,501,2.99,4,4,brand name,short description,description,0,100,10,1,Phone Model X461,Phone Model X1 keyword,Phone Model X1 desc,us462
myproduct463,myproduct463,4,1,501,2.99,4,4,brand name,short description,description,0,100,10,1,Phone Model X462,Phone Model X1 keyword,Phone Model X1 desc,us463
myproduct464,myproduct464,4,1,501,2.99,4,4,brand name,short description,description,0,100,10,1,Phone Model X463,Phone Model X1 keyword,Phone Model X1 desc,us464
myproduct465,myproduct465,4,1,501,2.99,4,4,brand name,short description,description,0,100,10,1,Phone Model X464,Phone Model X1 keyword,Phone Model X1 desc,us465
myproduct466,myproduct466,4,1,501,2.99,4,4,brand name,short description,description,0,100,10,1,Phone Model X465,Phone Model X1 keyword,Phone Model X1 desc,us466
myproduct467,myproduct467,4,1,501,2.99,4,4,brand name,short description,description,0,100,10,1,Phone Model X466,Phone Model X1 keyword,Phone Model X1 desc,us467
myproduct468,myproduct468,4,1,501,2.99,4,4,brand name,short description,description,0,100,10,1,Phone Model X467,Phone Model X1 keyword,Phone Model X1 desc,us468
myproduct469,myproduct469,4,1,501,2.99,4,4,brand name,short description,description,0,100,10,1,Phone Model X468,Phone Model X1 keyword,Phone Model X1 desc,us469
myproduct470,myproduct470,4,1,501,2.99,4,4,brand name,short description,description,0,100,10,1,Phone Model X469,Phone Model X1 keyword,Phone Model X1 desc,us470
myproduct471,myproduct471,4,1,501,2.99,4,4,brand name,short description,description,0,100,10,1,Phone Model X470,Phone Model X1 keyword,Phone Model X1 desc,us471
myproduct472,myproduct472,4,1,501,2.99,4,4,brand name,short description,description,0,100,10,1,Phone Model X471,Phone Model X1 keyword,Phone Model X1 desc,us472
myproduct473,myproduct473,4,1,501,2.99,4,4,brand name,short description,description,0,100,10,1,Phone Model X472,Phone Model X1 keyword,Phone Model X1 desc,us473
myproduct474,myproduct474,4,1,501,2.99,4,4,brand name,short description,description,0,100,10,1,Phone Model X473,Phone Model X1 keyword,Phone Model X1 desc,us474
myproduct475,myproduct475,4,1,501,2.99,4,4,brand name,short description,description,0,100,10,1,Phone Model X474,Phone Model X1 keyword,Phone Model X1 desc,us475
myproduct476,myproduct476,4,1,501,2.99,4,4,brand name,short description,description,0,100,10,1,Phone Model X475,Phone Model X1 keyword,Phone Model X1 desc,us476
myproduct477,myproduct477,4,1,501,2.99,4,4,brand name,short description,description,0,100,10,1,Phone Model X476,Phone Model X1 keyword,Phone Model X1 desc,us477
myproduct478,myproduct478,4,1,501,2.99,4,4,brand name,short description,description,0,100,10,1,Phone Model X477,Phone Model X1 keyword,Phone Model X1 desc,us478
myproduct479,myproduct479,4,1,501,2.99,4,4,brand name,short description,description,0,100,10,1,Phone Model X478,Phone Model X1 keyword,Phone Model X1 desc,us479
myproduct480,myproduct480,4,1,501,2.99,4,4,brand name,short description,description,0,100,10,1,Phone Model X479,Phone Model X1 keyword,Phone Model X1 desc,us480
myproduct481,myproduct481,4,1,501,2.99,4,4,brand name,short description,description,0,100,10,1,Phone Model X480,Phone Model X1 keyword,Phone Model X1 desc,us481
myproduct482,myproduct482,4,1,501,2.99,4,4,brand name,short description,description,0,100,10,1,Phone Model X481,Phone Model X1 keyword,Phone Model X1 desc,us482
myproduct483,myproduct483,4,1,501,2.99,4,4,brand name,short description,description,0,100,10,1,Phone Model X482,Phone Model X1 keyword,Phone Model X1 desc,us483
myproduct484,myproduct484,4,1,501,2.99,4,4,brand name,short description,description,0,100,10,1,Phone Model X483,Phone Model X1 keyword,Phone Model X1 desc,us484
myproduct485,myproduct485,4,1,501,2.99,4,4,brand name,short description,description,0,100,10,1,Phone Model X484,Phone Model X1 keyword,Phone Model X1 desc,us485
myproduct486,myproduct486,4,1,501,2.99,4,4,brand name,short description,description,0,100,10,1,Phone Model X485,Phone Model X1 keyword,Phone Model X1 desc,us486
myproduct487,myproduct487,4,1,501,2.99,4,4,brand name,short description,description,0,100,10,1,Phone Model X486,Phone Model X1 keyword,Phone Model X1 desc,us487
myproduct488,myproduct488,4,1,501,2.99,4,4,brand name,short description,description,0,100,10,1,Phone Model X487,Phone Model X1 keyword,Phone Model X1 desc,us488
myproduct489,myproduct489,4,1,501,2.99,4,4,brand name,short description,description,0,100,10,1,Phone Model X488,Phone Model X1 keyword,Phone Model X1 desc,us489
myproduct490,myproduct490,4,1,501,2.99,4,4,brand name,short description,description,0,100,10,1,Phone Model X489,Phone Model X1 keyword,Phone Model X1 desc,us490
myproduct491,myproduct491,4,1,501,2.99,4,4,brand name,short description,description,0,100,10,1,Phone Model X490,Phone Model X1 keyword,Phone Model X1 desc,us491
myproduct492,myproduct492,4,1,501,2.99,4,4,brand name,short description,description,0,100,10,1,Phone Model X491,Phone Model X1 keyword,Phone Model X1 desc,us492
myproduct493,myproduct493,4,1,501,2.99,4,4,brand name,short description,description,0,100,10,1,Phone Model X492,Phone Model X1 keyword,Phone Model X1 desc,us493
myproduct494,myproduct494,4,1,501,2.99,4,4,brand name,short description,description,0,100,10,1,Phone Model X493,Phone Model X1 keyword,Phone Model X1 desc,us494
myproduct495,myproduct495,4,1,501,2.99,4,4,brand name,short description,description,0,100,10,1,Phone Model X494,Phone Model X1 keyword,Phone Model X1 desc,us495
myproduct496,myproduct496,4,1,501,2.99,4,4,brand name,short description,description,0,100,10,1,Phone Model X495,Phone Model X1 keyword,Phone Model X1 desc,us496
myproduct497,myproduct497,4,1,501,2.99,4,4,brand name,short description,description,0,100,10,1,Phone Model X496,Phone Model X1 keyword,Phone Model X1 desc,us497
myproduct498,myproduct498,4,1,501,2.99,4,4,brand name,short description,description,0,100,10,1,Phone Model X497,Phone Model X1 keyword,Phone Model X1 desc,us498
myproduct499,myproduct499,4,1,501,2.99,4,4,brand name,short description,description,0,100,10,1,Phone Model X498,Phone Model X1 keyword,Phone Model X1 desc,us499
myproduct500,myproduct500,4,1,501,2.99,4,4,brand name,short description,description,0,100,10,1,Phone Model X499,Phone Model X1 keyword,Phone Model X1 desc,us500
myproduct501,myproduct501,4,1,501,2.99,4,4,brand name,short description,description,0,100,10,1,Phone Model X500,Phone Model X1 keyword,Phone Model X1 desc,us501
myproduct502,myproduct502,4,1,501,2.99,4,4,brand name,short description,description,0,100,10,1,Phone Model X501,Phone Model X1 keyword,Phone Model X1 desc,us502
myproduct503,myproduct503,4,1,501,2.99,4,4,brand name,short description,description,0,100,10,1,Phone Model X502,Phone Model X1 keyword,Phone Model X1 desc,us503
myproduct504,myproduct504,4,1,501,2.99,4,4,brand name,short description,description,0,100,10,1,Phone Model X503,Phone Model X1 keyword,Phone Model X1 desc,us504
myproduct505,myproduct505,4,1,501,2.99,4,4,brand name,short description,description,0,100,10,1,Phone Model X504,Phone Model X1 keyword,Phone Model X1 desc,us505
myproduct506,myproduct506,4,1,501,2.99,4,4,brand name,short description,description,0,100,10,1,Phone Model X505,Phone Model X1 keyword,Phone Model X1 desc,us506
myproduct507,myproduct507,4,1,501,2.99,4,4,brand name,short description,description,0,100,10,1,Phone Model X506,Phone Model X1 keyword,Phone Model X1 desc,us507
myproduct508,myproduct508,4,1,501,2.99,4,4,brand name,short description,description,0,100,10,1,Phone Model X507,Phone Model X1 keyword,Phone Model X1 desc,us508
myproduct509,myproduct509,4,1,501,2.99,4,4,brand name,short description,description,0,100,10,1,Phone Model X508,Phone Model X1 keyword,Phone Model X1 desc,us509
myproduct510,myproduct510,4,1,501,2.99,4,4,brand name,short description,description,0,100,10,1,Phone Model X509,Phone Model X1 keyword,Phone Model X1 desc,us510
myproduct511,myproduct511,4,1,501,2.99,4,4,brand name,short description,description,0,100,10,1,Phone Model X510,Phone Model X1 keyword,Phone Model X1 desc,us511
myproduct512,myproduct512,4,1,501,2.99,4,4,brand name,short description,description,0,100,10,1,Phone Model X511,Phone Model X1 keyword,Phone Model X1 desc,us512
myproduct513,myproduct513,4,1,501,2.99,4,4,brand name,short description,description,0,100,10,1,Phone Model X512,Phone Model X1 keyword,Phone Model X1 desc,us513
myproduct514,myproduct514,4,1,501,2.99,4,4,brand name,short description,description,0,100,10,1,Phone Model X513,Phone Model X1 keyword,Phone Model X1 desc,us514
myproduct515,myproduct515,4,1,501,2.99,4,4,brand name,short description,description,0,100,10,1,Phone Model X514,Phone Model X1 keyword,Phone Model X1 desc,us515
myproduct516,myproduct516,4,1,501,2.99,4,4,brand name,short description,description,0,100,10,1,Phone Model X515,Phone Model X1 keyword,Phone Model X1 desc,us516
myproduct517,myproduct517,4,1,501,2.99,4,4,brand name,short description,description,0,100,10,1,Phone Model X516,Phone Model X1 keyword,Phone Model X1 desc,us517
myproduct518,myproduct518,4,1,501,2.99,4,4,brand name,short description,description,0,100,10,1,Phone Model X517,Phone Model X1 keyword,Phone Model X1 desc,us518
myproduct519,myproduct519,4,1,501,2.99,4,4,brand name,short description,description,0,100,10,1,Phone Model X518,Phone Model X1 keyword,Phone Model X1 desc,us519
myproduct520,myproduct520,4,1,501,2.99,4,4,brand name,short description,description,0,100,10,1,Phone Model X519,Phone Model X1 keyword,Phone Model X1 desc,us520
myproduct521,myproduct521,4,1,501,2.99,4,4,brand name,short description,description,0,100,10,1,Phone Model X520,Phone Model X1 keyword,Phone Model X1 desc,us521
myproduct522,myproduct522,4,1,501,2.99,4,4,brand name,short description,description,0,100,10,1,Phone Model X521,Phone Model X1 keyword,Phone Model X1 desc,us522
myproduct523,myproduct523,4,1,501,2.99,4,4,brand name,short description,description,0,100,10,1,Phone Model X522,Phone Model X1 keyword,Phone Model X1 desc,us523
myproduct524,myproduct524,4,1,501,2.99,4,4,brand name,short description,description,0,100,10,1,Phone Model X523,Phone Model X1 keyword,Phone Model X1 desc,us524
myproduct525,myproduct525,4,1,501,2.99,4,4,brand name,short description,description,0,100,10,1,Phone Model X524,Phone Model X1 keyword,Phone Model X1 desc,us525
myproduct526,myproduct526,4,1,501,2.99,4,4,brand name,short description,description,0,100,10,1,Phone Model X525,Phone Model X1 keyword,Phone Model X1 desc,us526
myproduct527,myproduct527,4,1,501,2.99,4,4,brand name,short description,description,0,100,10,1,Phone Model X526,Phone Model X1 keyword,Phone Model X1 desc,us527
myproduct528,myproduct528,4,1,501,2.99,4,4,brand name,short description,description,0,100,10,1,Phone Model X527,Phone Model X1 keyword,Phone Model X1 desc,us528
myproduct529,myproduct529,4,1,501,2.99,4,4,brand name,short description,description,0,100,10,1,Phone Model X528,Phone Model X1 keyword,Phone Model X1 desc,us529
myproduct530,myproduct530,4,1,501,2.99,4,4,brand name,short description,description,0,100,10,1,Phone Model X529,Phone Model X1 keyword,Phone Model X1 desc,us530
myproduct531,myproduct531,4,1,501,2.99,4,4,brand name,short description,description,0,100,10,1,Phone Model X530,Phone Model X1 keyword,Phone Model X1 desc,us531
myproduct532,myproduct532,4,1,501,2.99,4,4,brand name,short description,description,0,100,10,1,Phone Model X531,Phone Model X1 keyword,Phone Model X1 desc,us532
myproduct533,myproduct533,4,1,501,2.99,4,4,brand name,short description,description,0,100,10,1,Phone Model X532,Phone Model X1 keyword,Phone Model X1 desc,us533
myproduct534,myproduct534,4,1,501,2.99,4,4,brand name,short description,description,0,100,10,1,Phone Model X533,Phone Model X1 keyword,Phone Model X1 desc,us534
myproduct535,myproduct535,4,1,501,2.99,4,4,brand name,short description,description,0,100,10,1,Phone Model X534,Phone Model X1 keyword,Phone Model X1 desc,us535
myproduct536,myproduct536,4,1,501,2.99,4,4,brand name,short description,description,0,100,10,1,Phone Model X535,Phone Model X1 keyword,Phone Model X1 desc,us536
myproduct537,myproduct537,4,1,501,2.99,4,4,brand name,short description,description,0,100,10,1,Phone Model X536,Phone Model X1 keyword,Phone Model X1 desc,us537
myproduct538,myproduct538,4,1,501,2.99,4,4,brand name,short description,description,0,100,10,1,Phone Model X537,Phone Model X1 keyword,Phone Model X1 desc,us538
myproduct539,myproduct539,4,1,501,2.99,4,4,brand name,short description,description,0,100,10,1,Phone Model X538,Phone Model X1 keyword,Phone Model X1 desc,us539
myproduct540,myproduct540,4,1,501,2.99,4,4,brand name,short description,description,0,100,10,1,Phone Model X539,Phone Model X1 keyword,Phone Model X1 desc,us540
myproduct541,myproduct541,4,1,501,2.99,4,4,brand name,short description,description,0,100,10,1,Phone Model X540,Phone Model X1 keyword,Phone Model X1 desc,us541
myproduct542,myproduct542,4,1,501,2.99,4,4,brand name,short description,description,0,100,10,1,Phone Model X541,Phone Model X1 keyword,Phone Model X1 desc,us542
myproduct543,myproduct543,4,1,501,2.99,4,4,brand name,short description,description,0,100,10,1,Phone Model X542,Phone Model X1 keyword,Phone Model X1 desc,us543
myproduct544,myproduct544,4,1,501,2.99,4,4,brand name,short description,description,0,100,10,1,Phone Model X543,Phone Model X1 keyword,Phone Model X1 desc,us544
myproduct545,myproduct545,4,1,501,2.99,4,4,brand name,short description,description,0,100,10,1,Phone Model X544,Phone Model X1 keyword,Phone Model X1 desc,us545
myproduct546,myproduct546,4,1,501,2.99,4,4,brand name,short description,description,0,100,10,1,Phone Model X545,Phone Model X1 keyword,Phone Model X1 desc,us546
myproduct547,myproduct547,4,1,501,2.99,4,4,brand name,short description,description,0,100,10,1,Phone Model X546,Phone Model X1 keyword,Phone Model X1 desc,us547
myproduct548,myproduct548,4,1,501,2.99,4,4,brand name,short description,description,0,100,10,1,Phone Model X547,Phone Model X1 keyword,Phone Model X1 desc,us548
myproduct549,myproduct549,4,1,501,2.99,4,4,brand name,short description,description,0,100,10,1,Phone Model X548,Phone Model X1 keyword,Phone Model X1 desc,us549
myproduct550,myproduct550,4,1,501,2.99,4,4,brand name,short description,description,0,100,10,1,Phone Model X549,Phone Model X1 keyword,Phone Model X1 desc,us550
myproduct551,myproduct551,4,1,501,2.99,4,4,brand name,short description,description,0,100,10,1,Phone Model X550,Phone Model X1 keyword,Phone Model X1 desc,us551
myproduct552,myproduct552,4,1,501,2.99,4,4,brand name,short description,description,0,100,10,1,Phone Model X551,Phone Model X1 keyword,Phone Model X1 desc,us552
myproduct553,myproduct553,4,1,501,2.99,4,4,brand name,short description,description,0,100,10,1,Phone Model X552,Phone Model X1 keyword,Phone Model X1 desc,us553
myproduct554,myproduct554,4,1,501,2.99,4,4,brand name,short description,description,0,100,10,1,Phone Model X553,Phone Model X1 keyword,Phone Model X1 desc,us554
myproduct555,myproduct555,4,1,501,2.99,4,4,brand name,short description,description,0,100,10,1,Phone Model X554,Phone Model X1 keyword,Phone Model X1 desc,us555
myproduct556,myproduct556,4,1,501,2.99,4,4,brand name,short description,description,0,100,10,1,Phone Model X555,Phone Model X1 keyword,Phone Model X1 desc,us556
myproduct557,myproduct557,4,1,501,2.99,4,4,brand name,short description,description,0,100,10,1,Phone Model X556,Phone Model X1 keyword,Phone Model X1 desc,us557
myproduct558,myproduct558,4,1,501,2.99,4,4,brand name,short description,description,0,100,10,1,Phone Model X557,Phone Model X1 keyword,Phone Model X1 desc,us558
myproduct559,myproduct559,4,1,501,2.99,4,4,brand name,short description,description,0,100,10,1,Phone Model X558,Phone Model X1 keyword,Phone Model X1 desc,us559
myproduct560,myproduct560,4,1,501,2.99,4,4,brand name,short description,description,0,100,10,1,Phone Model X559,Phone Model X1 keyword,Phone Model X1 desc,us560
myproduct561,myproduct561,4,1,501,2.99,4,4,brand name,short description,description,0,100,10,1,Phone Model X560,Phone Model X1 keyword,Phone Model X1 desc,us561
myproduct562,myproduct562,4,1,501,2.99,4,4,brand name,short description,description,0,100,10,1,Phone Model X561,Phone Model X1 keyword,Phone Model X1 desc,us562
myproduct563,myproduct563,4,1,501,2.99,4,4,brand name,short description,description,0,100,10,1,Phone Model X562,Phone Model X1 keyword,Phone Model X1 desc,us563
myproduct564,myproduct564,4,1,501,2.99,4,4,brand name,short description,description,0,100,10,1,Phone Model X563,Phone Model X1 keyword,Phone Model X1 desc,us564
myproduct565,myproduct565,4,1,501,2.99,4,4,brand name,short description,description,0,100,10,1,Phone Model X564,Phone Model X1 keyword,Phone Model X1 desc,us565
myproduct566,myproduct566,4,1,501,2.99,4,4,brand name,short description,description,0,100,10,1,Phone Model X565,Phone Model X1 keyword,Phone Model X1 desc,us566
myproduct567,myproduct567,4,1,501,2.99,4,4,brand name,short description,description,0,100,10,1,Phone Model X566,Phone Model X1 keyword,Phone Model X1 desc,us567
myproduct568,myproduct568,4,1,501,2.99,4,4,brand name,short description,description,0,100,10,1,Phone Model X567,Phone Model X1 keyword,Phone Model X1 desc,us568
myproduct569,myproduct569,4,1,501,2.99,4,4,brand name,short description,description,0,100,10,1,Phone Model X568,Phone Model X1 keyword,Phone Model X1 desc,us569
myproduct570,myproduct570,4,1,501,2.99,4,4,brand name,short description,description,0,100,10,1,Phone Model X569,Phone Model X1 keyword,Phone Model X1 desc,us570
myproduct571,myproduct571,4,1,501,2.99,4,4,brand name,short description,description,0,100,10,1,Phone Model X570,Phone Model X1 keyword,Phone Model X1 desc,us571
myproduct572,myproduct572,4,1,501,2.99,4,4,brand name,short description,description,0,100,10,1,Phone Model X571,Phone Model X1 keyword,Phone Model X1 desc,us572
myproduct573,myproduct573,4,1,501,2.99,4,4,brand name,short description,description,0,100,10,1,Phone Model X572,Phone Model X1 keyword,Phone Model X1 desc,us573
myproduct574,myproduct574,4,1,501,2.99,4,4,brand name,short description,description,0,100,10,1,Phone Model X573,Phone Model X1 keyword,Phone Model X1 desc,us574
myproduct575,myproduct575,4,1,501,2.99,4,4,brand name,short description,description,0,100,10,1,Phone Model X574,Phone Model X1 keyword,Phone Model X1 desc,us575
myproduct576,myproduct576,4,1,501,2.99,4,4,brand name,short description,description,0,100,10,1,Phone Model X575,Phone Model X1 keyword,Phone Model X1 desc,us576
myproduct577,myproduct577,4,1,501,2.99,4,4,brand name,short description,description,0,100,10,1,Phone Model X576,Phone Model X1 keyword,Phone Model X1 desc,us577
myproduct578,myproduct578,4,1,501,2.99,4,4,brand name,short description,description,0,100,10,1,Phone Model X577,Phone Model X1 keyword,Phone Model X1 desc,us578
myproduct579,myproduct579,4,1,501,2.99,4,4,brand name,short description,description,0,100,10,1,Phone Model X578,Phone Model X1 keyword,Phone Model X1 desc,us579
myproduct580,myproduct580,4,1,501,2.99,4,4,brand name,short description,description,0,100,10,1,Phone Model X579,Phone Model X1 keyword,Phone Model X1 desc,us580
myproduct581,myproduct581,4,1,501,2.99,4,4,brand name,short description,description,0,100,10,1,Phone Model X580,Phone Model X1 keyword,Phone Model X1 desc,us581
myproduct582,myproduct582,4,1,501,2.99,4,4,brand name,short description,description,0,100,10,1,Phone Model X581,Phone Model X1 keyword,Phone Model X1 desc,us582
myproduct583,myproduct583,4,1,501,2.99,4,4,brand name,short description,description,0,100,10,1,Phone Model X582,Phone Model X1 keyword,Phone Model X1 desc,us583
myproduct584,myproduct584,4,1,501,2.99,4,4,brand name,short description,description,0,100,10,1,Phone Model X583,Phone Model X1 keyword,Phone Model X1 desc,us584
myproduct585,myproduct585,4,1,501,2.99,4,4,brand name,short description,description,0,100,10,1,Phone Model X584,Phone Model X1 keyword,Phone Model X1 desc,us585
myproduct586,myproduct586,4,1,501,2.99,4,4,brand name,short description,description,0,100,10,1,Phone Model X585,Phone Model X1 keyword,Phone Model X1 desc,us586
myproduct587,myproduct587,4,1,501,2.99,4,4,brand name,short description,description,0,100,10,1,Phone Model X586,Phone Model X1 keyword,Phone Model X1 desc,us587
myproduct588,myproduct588,4,1,501,2.99,4,4,brand name,short description,description,0,100,10,1,Phone Model X587,Phone Model X1 keyword,Phone Model X1 desc,us588
myproduct589,myproduct589,4,1,501,2.99,4,4,brand name,short description,description,0,100,10,1,Phone Model X588,Phone Model X1 keyword,Phone Model X1 desc,us589
myproduct590,myproduct590,4,1,501,2.99,4,4,brand name,short description,description,0,100,10,1,Phone Model X589,Phone Model X1 keyword,Phone Model X1 desc,us590
myproduct591,myproduct591,4,1,501,2.99,4,4,brand name,short description,description,0,100,10,1,Phone Model X590,Phone Model X1 keyword,Phone Model X1 desc,us591
myproduct592,myproduct592,4,1,501,2.99,4,4,brand name,short description,description,0,100,10,1,Phone Model X591,Phone Model X1 keyword,Phone Model X1 desc,us592
myproduct593,myproduct593,4,1,501,2.99,4,4,brand name,short description,description,0,100,10,1,Phone Model X592,Phone Model X1 keyword,Phone Model X1 desc,us593
myproduct594,myproduct594,4,1,501,2.99,4,4,brand name,short description,description,0,100,10,1,Phone Model X593,Phone Model X1 keyword,Phone Model X1 desc,us594
myproduct595,myproduct595,4,1,501,2.99,4,4,brand name,short description,description,0,100,10,1,Phone Model X594,Phone Model X1 keyword,Phone Model X1 desc,us595
myproduct596,myproduct596,4,1,501,2.99,4,4,brand name,short description,description,0,100,10,1,Phone Model X595,Phone Model X1 keyword,Phone Model X1 desc,us596
myproduct597,myproduct597,4,1,501,2.99,4,4,brand name,short description,description,0,100,10,1,Phone Model X596,Phone Model X1 keyword,Phone Model X1 desc,us597
myproduct598,myproduct598,4,1,501,2.99,4,4,brand name,short description,description,0,100,10,1,Phone Model X597,Phone Model X1 keyword,Phone Model X1 desc,us598
myproduct599,myproduct599,4,1,501,2.99,4,4,brand name,short description,description,0,100,10,1,Phone Model X598,Phone Model X1 keyword,Phone Model X1 desc,us599
myproduct600,myproduct600,4,1,501,2.99,4,4,brand name,short description,description,0,100,10,1,Phone Model X599,Phone Model X1 keyword,Phone Model X1 desc,us600
myproduct601,myproduct601,4,1,501,2.99,4,4,brand name,short description,description,0,100,10,1,Phone Model X600,Phone Model X1 keyword,Phone Model X1 desc,us601
myproduct602,myproduct602,4,1,501,2.99,4,4,brand name,short description,description,0,100,10,1,Phone Model X601,Phone Model X1 keyword,Phone Model X1 desc,us602
myproduct603,myproduct603,4,1,501,2.99,4,4,brand name,short description,description,0,100,10,1,Phone Model X602,Phone Model X1 keyword,Phone Model X1 desc,us603
myproduct604,myproduct604,4,1,501,2.99,4,4,brand name,short description,description,0,100,10,1,Phone Model X603,Phone Model X1 keyword,Phone Model X1 desc,us604
myproduct605,myproduct605,4,1,501,2.99,4,4,brand name,short description,description,0,100,10,1,Phone Model X604,Phone Model X1 keyword,Phone Model X1 desc,us605
myproduct606,myproduct606,4,1,501,2.99,4,4,brand name,short description,description,0,100,10,1,Phone Model X605,Phone Model X1 keyword,Phone Model X1 desc,us606
myproduct607,myproduct607,4,1,501,2.99,4,4,brand name,short description,description,0,100,10,1,Phone Model X606,Phone Model X1 keyword,Phone Model X1 desc,us607
myproduct608,myproduct608,4,1,501,2.99,4,4,brand name,short description,description,0,100,10,1,Phone Model X607,Phone Model X1 keyword,Phone Model X1 desc,us608
myproduct609,myproduct609,4,1,501,2.99,4,4,brand name,short description,description,0,100,10,1,Phone Model X608,Phone Model X1 keyword,Phone Model X1 desc,us609
myproduct610,myproduct610,4,1,501,2.99,4,4,brand name,short description,description,0,100,10,1,Phone Model X609,Phone Model X1 keyword,Phone Model X1 desc,us610
myproduct611,myproduct611,4,1,501,2.99,4,4,brand name,short description,description,0,100,10,1,Phone Model X610,Phone Model X1 keyword,Phone Model X1 desc,us611
myproduct612,myproduct612,4,1,501,2.99,4,4,brand name,short description,description,0,100,10,1,Phone Model X611,Phone Model X1 keyword,Phone Model X1 desc,us612
myproduct613,myproduct613,4,1,501,2.99,4,4,brand name,short description,description,0,100,10,1,Phone Model X612,Phone Model X1 keyword,Phone Model X1 desc,us613
myproduct614,myproduct614,4,1,501,2.99,4,4,brand name,short description,description,0,100,10,1,Phone Model X613,Phone Model X1 keyword,Phone Model X1 desc,us614
myproduct615,myproduct615,4,1,501,2.99,4,4,brand name,short description,description,0,100,10,1,Phone Model X614,Phone Model X1 keyword,Phone Model X1 desc,us615
myproduct616,myproduct616,4,1,501,2.99,4,4,brand name,short description,description,0,100,10,1,Phone Model X615,Phone Model X1 keyword,Phone Model X1 desc,us616
myproduct617,myproduct617,4,1,501,2.99,4,4,brand name,short description,description,0,100,10,1,Phone Model X616,Phone Model X1 keyword,Phone Model X1 desc,us617
myproduct618,myproduct618,4,1,501,2.99,4,4,brand name,short description,description,0,100,10,1,Phone Model X617,Phone Model X1 keyword,Phone Model X1 desc,us618
myproduct619,myproduct619,4,1,501,2.99,4,4,brand name,short description,description,0,100,10,1,Phone Model X618,Phone Model X1 keyword,Phone Model X1 desc,us619
myproduct620,myproduct620,4,1,501,2.99,4,4,brand name,short description,description,0,100,10,1,Phone Model X619,Phone Model X1 keyword,Phone Model X1 desc,us620
myproduct621,myproduct621,4,1,501,2.99,4,4,brand name,short description,description,0,100,10,1,Phone Model X620,Phone Model X1 keyword,Phone Model X1 desc,us621
myproduct622,myproduct622,4,1,501,2.99,4,4,brand name,short description,description,0,100,10,1,Phone Model X621,Phone Model X1 keyword,Phone Model X1 desc,us622
myproduct623,myproduct623,4,1,501,2.99,4,4,brand name,short description,description,0,100,10,1,Phone Model X622,Phone Model X1 keyword,Phone Model X1 desc,us623
myproduct624,myproduct624,4,1,501,2.99,4,4,brand name,short description,description,0,100,10,1,Phone Model X623,Phone Model X1 keyword,Phone Model X1 desc,us624
myproduct625,myproduct625,4,1,501,2.99,4,4,brand name,short description,description,0,100,10,1,Phone Model X624,Phone Model X1 keyword,Phone Model X1 desc,us625
myproduct626,myproduct626,4,1,501,2.99,4,4,brand name,short description,description,0,100,10,1,Phone Model X625,Phone Model X1 keyword,Phone Model X1 desc,us626
myproduct627,myproduct627,4,1,501,2.99,4,4,brand name,short description,description,0,100,10,1,Phone Model X626,Phone Model X1 keyword,Phone Model X1 desc,us627
myproduct628,myproduct628,4,1,501,2.99,4,4,brand name,short description,description,0,100,10,1,Phone Model X627,Phone Model X1 keyword,Phone Model X1 desc,us628
myproduct629,myproduct629,4,1,501,2.99,4,4,brand name,short description,description,0,100,10,1,Phone Model X628,Phone Model X1 keyword,Phone Model X1 desc,us629
myproduct630,myproduct630,4,1,501,2.99,4,4,brand name,short description,description,0,100,10,1,Phone Model X629,Phone Model X1 keyword,Phone Model X1 desc,us630
myproduct631,myproduct631,4,1,501,2.99,4,4,brand name,short description,description,0,100,10,1,Phone Model X630,Phone Model X1 keyword,Phone Model X1 desc,us631
myproduct632,myproduct632,4,1,501,2.99,4,4,brand name,short description,description,0,100,10,1,Phone Model X631,Phone Model X1 keyword,Phone Model X1 desc,us632
myproduct633,myproduct633,4,1,501,2.99,4,4,brand name,short description,description,0,100,10,1,Phone Model X632,Phone Model X1 keyword,Phone Model X1 desc,us633
myproduct634,myproduct634,4,1,501,2.99,4,4,brand name,short description,description,0,100,10,1,Phone Model X633,Phone Model X1 keyword,Phone Model X1 desc,us634
myproduct635,myproduct635,4,1,501,2.99,4,4,brand name,short description,description,0,100,10,1,Phone Model X634,Phone Model X1 keyword,Phone Model X1 desc,us635
myproduct636,myproduct636,4,1,501,2.99,4,4,brand name,short description,description,0,100,10,1,Phone Model X635,Phone Model X1 keyword,Phone Model X1 desc,us636
myproduct637,myproduct637,4,1,501,2.99,4,4,brand name,short description,description,0,100,10,1,Phone Model X636,Phone Model X1 keyword,Phone Model X1 desc,us637
myproduct638,myproduct638,4,1,501,2.99,4,4,brand name,short description,description,0,100,10,1,Phone Model X637,Phone Model X1 keyword,Phone Model X1 desc,us638
myproduct639,myproduct639,4,1,501,2.99,4,4,brand name,short description,description,0,100,10,1,Phone Model X638,Phone Model X1 keyword,Phone Model X1 desc,us639
myproduct640,myproduct640,4,1,501,2.99,4,4,brand name,short description,description,0,100,10,1,Phone Model X639,Phone Model X1 keyword,Phone Model X1 desc,us640
myproduct641,myproduct641,4,1,501,2.99,4,4,brand name,short description,description,0,100,10,1,Phone Model X640,Phone Model X1 keyword,Phone Model X1 desc,us641
myproduct642,myproduct642,4,1,501,2.99,4,4,brand name,short description,description,0,100,10,1,Phone Model X641,Phone Model X1 keyword,Phone Model X1 desc,us642
myproduct643,myproduct643,4,1,501,2.99,4,4,brand name,short description,description,0,100,10,1,Phone Model X642,Phone Model X1 keyword,Phone Model X1 desc,us643
myproduct644,myproduct644,4,1,501,2.99,4,4,brand name,short description,description,0,100,10,1,Phone Model X643,Phone Model X1 keyword,Phone Model X1 desc,us644
myproduct645,myproduct645,4,1,501,2.99,4,4,brand name,short description,description,0,100,10,1,Phone Model X644,Phone Model X1 keyword,Phone Model X1 desc,us645
myproduct646,myproduct646,4,1,501,2.99,4,4,brand name,short description,description,0,100,10,1,Phone Model X645,Phone Model X1 keyword,Phone Model X1 desc,us646
myproduct647,myproduct647,4,1,501,2.99,4,4,brand name,short description,description,0,100,10,1,Phone Model X646,Phone Model X1 keyword,Phone Model X1 desc,us647
myproduct648,myproduct648,4,1,501,2.99,4,4,brand name,short description,description,0,100,10,1,Phone Model X647,Phone Model X1 keyword,Phone Model X1 desc,us648
myproduct649,myproduct649,4,1,501,2.99,4,4,brand name,short description,description,0,100,10,1,Phone Model X648,Phone Model X1 keyword,Phone Model X1 desc,us649
myproduct650,myproduct650,4,1,501,2.99,4,4,brand name,short description,description,0,100,10,1,Phone Model X649,Phone Model X1 keyword,Phone Model X1 desc,us650
myproduct651,myproduct651,4,1,501,2.99,4,4,brand name,short description,description,0,100,10,1,Phone Model X650,Phone Model X1 keyword,Phone Model X1 desc,us651
myproduct652,myproduct652,4,1,501,2.99,4,4,brand name,short description,description,0,100,10,1,Phone Model X651,Phone Model X1 keyword,Phone Model X1 desc,us652
myproduct653,myproduct653,4,1,501,2.99,4,4,brand name,short description,description,0,100,10,1,Phone Model X652,Phone Model X1 keyword,Phone Model X1 desc,us653
myproduct654,myproduct654,4,1,501,2.99,4,4,brand name,short description,description,0,100,10,1,Phone Model X653,Phone Model X1 keyword,Phone Model X1 desc,us654
myproduct655,myproduct655,4,1,501,2.99,4,4,brand name,short description,description,0,100,10,1,Phone Model X654,Phone Model X1 keyword,Phone Model X1 desc,us655
myproduct656,myproduct656,4,1,501,2.99,4,4,brand name,short description,description,0,100,10,1,Phone Model X655,Phone Model X1 keyword,Phone Model X1 desc,us656
myproduct657,myproduct657,4,1,501,2.99,4,4,brand name,short description,description,0,100,10,1,Phone Model X656,Phone Model X1 keyword,Phone Model X1 desc,us657
myproduct658,myproduct658,4,1,501,2.99,4,4,brand name,short description,description,0,100,10,1,Phone Model X657,Phone Model X1 keyword,Phone Model X1 desc,us658
myproduct659,myproduct659,4,1,501,2.99,4,4,brand name,short description,description,0,100,10,1,Phone Model X658,Phone Model X1 keyword,Phone Model X1 desc,us659
myproduct660,myproduct660,4,1,501,2.99,4,4,brand name,short description,description,0,100,10,1,Phone Model X659,Phone Model X1 keyword,Phone Model X1 desc,us660
myproduct661,myproduct661,4,1,501,2.99,4,4,brand name,short description,description,0,100,10,1,Phone Model X660,Phone Model X1 keyword,Phone Model X1 desc,us661
myproduct662,myproduct662,4,1,501,2.99,4,4,brand name,short description,description,0,100,10,1,Phone Model X661,Phone Model X1 keyword,Phone Model X1 desc,us662
myproduct663,myproduct663,4,1,501,2.99,4,4,brand name,short description,description,0,100,10,1,Phone Model X662,Phone Model X1 keyword,Phone Model X1 desc,us663
myproduct664,myproduct664,4,1,501,2.99,4,4,brand name,short description,description,0,100,10,1,Phone Model X663,Phone Model X1 keyword,Phone Model X1 desc,us664
myproduct665,myproduct665,4,1,501,2.99,4,4,brand name,short description,description,0,100,10,1,Phone Model X664,Phone Model X1 keyword,Phone Model X1 desc,us665
myproduct666,myproduct666,4,1,501,2.99,4,4,brand name,short description,description,0,100,10,1,Phone Model X665,Phone Model X1 keyword,Phone Model X1 desc,us666
myproduct667,myproduct667,4,1,501,2.99,4,4,brand name,short description,description,0,100,10,1,Phone Model X666,Phone Model X1 keyword,Phone Model X1 desc,us667
myproduct668,myproduct668,4,1,501,2.99,4,4,brand name,short description,description,0,100,10,1,Phone Model X667,Phone Model X1 keyword,Phone Model X1 desc,us668
myproduct669,myproduct669,4,1,501,2.99,4,4,brand name,short description,description,0,100,10,1,Phone Model X668,Phone Model X1 keyword,Phone Model X1 desc,us669
myproduct670,myproduct670,4,1,501,2.99,4,4,brand name,short description,description,0,100,10,1,Phone Model X669,Phone Model X1 keyword,Phone Model X1 desc,us670
myproduct671,myproduct671,4,1,501,2.99,4,4,brand name,short description,description,0,100,10,1,Phone Model X670,Phone Model X1 keyword,Phone Model X1 desc,us671
myproduct672,myproduct672,4,1,501,2.99,4,4,brand name,short description,description,0,100,10,1,Phone Model X671,Phone Model X1 keyword,Phone Model X1 desc,us672
myproduct673,myproduct673,4,1,501,2.99,4,4,brand name,short description,description,0,100,10,1,Phone Model X672,Phone Model X1 keyword,Phone Model X1 desc,us673
myproduct674,myproduct674,4,1,501,2.99,4,4,brand name,short description,description,0,100,10,1,Phone Model X673,Phone Model X1 keyword,Phone Model X1 desc,us674
myproduct675,myproduct675,4,1,501,2.99,4,4,brand name,short description,description,0,100,10,1,Phone Model X674,Phone Model X1 keyword,Phone Model X1 desc,us675
myproduct676,myproduct676,4,1,501,2.99,4,4,brand name,short description,description,0,100,10,1,Phone Model X675,Phone Model X1 keyword,Phone Model X1 desc,us676
myproduct677,myproduct677,4,1,501,2.99,4,4,brand name,short description,description,0,100,10,1,Phone Model X676,Phone Model X1 keyword,Phone Model X1 desc,us677
myproduct678,myproduct678,4,1,501,2.99,4,4,brand name,short description,description,0,100,10,1,Phone Model X677,Phone Model X1 keyword,Phone Model X1 desc,us678
myproduct679,myproduct679,4,1,501,2.99,4,4,brand name,short description,description,0,100,10,1,Phone Model X678,Phone Model X1 keyword,Phone Model X1 desc,us679
myproduct680,myproduct680,4,1,501,2.99,4,4,brand name,short description,description,0,100,10,1,Phone Model X679,Phone Model X1 keyword,Phone Model X1 desc,us680
myproduct681,myproduct681,4,1,501,2.99,4,4,brand name,short description,description,0,100,10,1,Phone Model X680,Phone Model X1 keyword,Phone Model X1 desc,us681
myproduct682,myproduct682,4,1,501,2.99,4,4,brand name,short description,description,0,100,10,1,Phone Model X681,Phone Model X1 keyword,Phone Model X1 desc,us682
myproduct683,myproduct683,4,1,501,2.99,4,4,brand name,short description,description,0,100,10,1,Phone Model X682,Phone Model X1 keyword,Phone Model X1 desc,us683
myproduct684,myproduct684,4,1,501,2.99,4,4,brand name,short description,description,0,100,10,1,Phone Model X683,Phone Model X1 keyword,Phone Model X1 desc,us684
myproduct685,myproduct685,4,1,501,2.99,4,4,brand name,short description,description,0,100,10,1,Phone Model X684,Phone Model X1 keyword,Phone Model X1 desc,us685
myproduct686,myproduct686,4,1,501,2.99,4,4,brand name,short description,description,0,100,10,1,Phone Model X685,Phone Model X1 keyword,Phone Model X1 desc,us686
myproduct687,myproduct687,4,1,501,2.99,4,4,brand name,short description,description,0,100,10,1,Phone Model X686,Phone Model X1 keyword,Phone Model X1 desc,us687
myproduct688,myproduct688,4,1,501,2.99,4,4,brand name,short description,description,0,100,10,1,Phone Model X687,Phone Model X1 keyword,Phone Model X1 desc,us688
myproduct689,myproduct689,4,1,501,2.99,4,4,brand name,short description,description,0,100,10,1,Phone Model X688,Phone Model X1 keyword,Phone Model X1 desc,us689
myproduct690,myproduct690,4,1,501,2.99,4,4,brand name,short description,description,0,100,10,1,Phone Model X689,Phone Model X1 keyword,Phone Model X1 desc,us690
myproduct691,myproduct691,4,1,501,2.99,4,4,brand name,short description,description,0,100,10,1,Phone Model X690,Phone Model X1 keyword,Phone Model X1 desc,us691
myproduct692,myproduct692,4,1,501,2.99,4,4,brand name,short description,description,0,100,10,1,Phone Model X691,Phone Model X1 keyword,Phone Model X1 desc,us692
myproduct693,myproduct693,4,1,501,2.99,4,4,brand name,short description,description,0,100,10,1,Phone Model X692,Phone Model X1 keyword,Phone Model X1 desc,us693
myproduct694,myproduct694,4,1,501,2.99,4,4,brand name,short description,description,0,100,10,1,Phone Model X693,Phone Model X1 keyword,Phone Model X1 desc,us694
myproduct695,myproduct695,4,1,501,2.99,4,4,brand name,short description,description,0,100,10,1,Phone Model X694,Phone Model X1 keyword,Phone Model X1 desc,us695
myproduct696,myproduct696,4,1,501,2.99,4,4,brand name,short description,description,0,100,10,1,Phone Model X695,Phone Model X1 keyword,Phone Model X1 desc,us696
myproduct697,myproduct697,4,1,501,2.99,4,4,brand name,short description,description,0,100,10,1,Phone Model X696,Phone Model X1 keyword,Phone Model X1 desc,us697
myproduct698,myproduct698,4,1,501,2.99,4,4,brand name,short description,description,0,100,10,1,Phone Model X697,Phone Model X1 keyword,Phone Model X1 desc,us698
myproduct699,myproduct699,4,1,501,2.99,4,4,brand name,short description,description,0,100,10,1,Phone Model X698,Phone Model X1 keyword,Phone Model X1 desc,us699
myproduct700,myproduct700,4,1,501,2.99,4,4,brand name,short description,description,0,100,10,1,Phone Model X699,Phone Model X1 keyword,Phone Model X1 desc,us700
myproduct701,myproduct701,4,1,501,2.99,4,4,brand name,short description,description,0,100,10,1,Phone Model X700,Phone Model X1 keyword,Phone Model X1 desc,us701
myproduct702,myproduct702,4,1,501,2.99,4,4,brand name,short description,description,0,100,10,1,Phone Model X701,Phone Model X1 keyword,Phone Model X1 desc,us702
myproduct703,myproduct703,4,1,501,2.99,4,4,brand name,short description,description,0,100,10,1,Phone Model X702,Phone Model X1 keyword,Phone Model X1 desc,us703
myproduct704,myproduct704,4,1,501,2.99,4,4,brand name,short description,description,0,100,10,1,Phone Model X703,Phone Model X1 keyword,Phone Model X1 desc,us704
myproduct705,myproduct705,4,1,501,2.99,4,4,brand name,short description,description,0,100,10,1,Phone Model X704,Phone Model X1 keyword,Phone Model X1 desc,us705
myproduct706,myproduct706,4,1,501,2.99,4,4,brand name,short description,description,0,100,10,1,Phone Model X705,Phone Model X1 keyword,Phone Model X1 desc,us706
myproduct707,myproduct707,4,1,501,2.99,4,4,brand name,short description,description,0,100,10,1,Phone Model X706,Phone Model X1 keyword,Phone Model X1 desc,us707
myproduct708,myproduct708,4,1,501,2.99,4,4,brand name,short description,description,0,100,10,1,Phone Model X707,Phone Model X1 keyword,Phone Model X1 desc,us708
myproduct709,myproduct709,4,1,501,2.99,4,4,brand name,short description,description,0,100,10,1,Phone Model X708,Phone Model X1 keyword,Phone Model X1 desc,us709
myproduct710,myproduct710,4,1,501,2.99,4,4,brand name,short description,description,0,100,10,1,Phone Model X709,Phone Model X1 keyword,Phone Model X1 desc,us710
myproduct711,myproduct711,4,1,501,2.99,4,4,brand name,short description,description,0,100,10,1,Phone Model X710,Phone Model X1 keyword,Phone Model X1 desc,us711
myproduct712,myproduct712,4,1,501,2.99,4,4,brand name,short description,description,0,100,10,1,Phone Model X711,Phone Model X1 keyword,Phone Model X1 desc,us712
myproduct713,myproduct713,4,1,501,2.99,4,4,brand name,short description,description,0,100,10,1,Phone Model X712,Phone Model X1 keyword,Phone Model X1 desc,us713
myproduct714,myproduct714,4,1,501,2.99,4,4,brand name,short description,description,0,100,10,1,Phone Model X713,Phone Model X1 keyword,Phone Model X1 desc,us714
myproduct715,myproduct715,4,1,501,2.99,4,4,brand name,short description,description,0,100,10,1,Phone Model X714,Phone Model X1 keyword,Phone Model X1 desc,us715
myproduct716,myproduct716,4,1,501,2.99,4,4,brand name,short description,description,0,100,10,1,Phone Model X715,Phone Model X1 keyword,Phone Model X1 desc,us716
myproduct717,myproduct717,4,1,501,2.99,4,4,brand name,short description,description,0,100,10,1,Phone Model X716,Phone Model X1 keyword,Phone Model X1 desc,us717
myproduct718,myproduct718,4,1,501,2.99,4,4,brand name,short description,description,0,100,10,1,Phone Model X717,Phone Model X1 keyword,Phone Model X1 desc,us718
myproduct719,myproduct719,4,1,501,2.99,4,4,brand name,short description,description,0,100,10,1,Phone Model X718,Phone Model X1 keyword,Phone Model X1 desc,us719
myproduct720,myproduct720,4,1,501,2.99,4,4,brand name,short description,description,0,100,10,1,Phone Model X719,Phone Model X1 keyword,Phone Model X1 desc,us720
myproduct721,myproduct721,4,1,501,2.99,4,4,brand name,short description,description,0,100,10,1,Phone Model X720,Phone Model X1 keyword,Phone Model X1 desc,us721
myproduct722,myproduct722,4,1,501,2.99,4,4,brand name,short description,description,0,100,10,1,Phone Model X721,Phone Model X1 keyword,Phone Model X1 desc,us722
myproduct723,myproduct723,4,1,501,2.99,4,4,brand name,short description,description,0,100,10,1,Phone Model X722,Phone Model X1 keyword,Phone Model X1 desc,us723
myproduct724,myproduct724,4,1,501,2.99,4,4,brand name,short description,description,0,100,10,1,Phone Model X723,Phone Model X1 keyword,Phone Model X1 desc,us724
myproduct725,myproduct725,4,1,501,2.99,4,4,brand name,short description,description,0,100,10,1,Phone Model X724,Phone Model X1 keyword,Phone Model X1 desc,us725
myproduct726,myproduct726,4,1,501,2.99,4,4,brand name,short description,description,0,100,10,1,Phone Model X725,Phone Model X1 keyword,Phone Model X1 desc,us726
myproduct727,myproduct727,4,1,501,2.99,4,4,brand name,short description,description,0,100,10,1,Phone Model X726,Phone Model X1 keyword,Phone Model X1 desc,us727
myproduct728,myproduct728,4,1,501,2.99,4,4,brand name,short description,description,0,100,10,1,Phone Model X727,Phone Model X1 keyword,Phone Model X1 desc,us728
myproduct729,myproduct729,4,1,501,2.99,4,4,brand name,short description,description,0,100,10,1,Phone Model X728,Phone Model X1 keyword,Phone Model X1 desc,us729
myproduct730,myproduct730,4,1,501,2.99,4,4,brand name,short description,description,0,100,10,1,Phone Model X729,Phone Model X1 keyword,Phone Model X1 desc,us730
myproduct731,myproduct731,4,1,501,2.99,4,4,brand name,short description,description,0,100,10,1,Phone Model X730,Phone Model X1 keyword,Phone Model X1 desc,us731
myproduct732,myproduct732,4,1,501,2.99,4,4,brand name,short description,description,0,100,10,1,Phone Model X731,Phone Model X1 keyword,Phone Model X1 desc,us732
myproduct733,myproduct733,4,1,501,2.99,4,4,brand name,short description,description,0,100,10,1,Phone Model X732,Phone Model X1 keyword,Phone Model X1 desc,us733
myproduct734,myproduct734,4,1,501,2.99,4,4,brand name,short description,description,0,100,10,1,Phone Model X733,Phone Model X1 keyword,Phone Model X1 desc,us734
myproduct735,myproduct735,4,1,501,2.99,4,4,brand name,short description,description,0,100,10,1,Phone Model X734,Phone Model X1 keyword,Phone Model X1 desc,us735
myproduct736,myproduct736,4,1,501,2.99,4,4,brand name,short description,description,0,100,10,1,Phone Model X735,Phone Model X1 keyword,Phone Model X1 desc,us736
myproduct737,myproduct737,4,1,501,2.99,4,4,brand name,short description,description,0,100,10,1,Phone Model X736,Phone Model X1 keyword,Phone Model X1 desc,us737
myproduct738,myproduct738,4,1,501,2.99,4,4,brand name,short description,description,0,100,10,1,Phone Model X737,Phone Model X1 keyword,Phone Model X1 desc,us738
myproduct739,myproduct739,4,1,501,2.99,4,4,brand name,short description,description,0,100,10,1,Phone Model X738,Phone Model X1 keyword,Phone Model X1 desc,us739
myproduct740,myproduct740,4,1,501,2.99,4,4,brand name,short description,description,0,100,10,1,Phone Model X739,Phone Model X1 keyword,Phone Model X1 desc,us740
myproduct741,myproduct741,4,1,501,2.99,4,4,brand name,short description,description,0,100,10,1,Phone Model X740,Phone Model X1 keyword,Phone Model X1 desc,us741
myproduct742,myproduct742,4,1,501,2.99,4,4,brand name,short description,description,0,100,10,1,Phone Model X741,Phone Model X1 keyword,Phone Model X1 desc,us742
myproduct743,myproduct743,4,1,501,2.99,4,4,brand name,short description,description,0,100,10,1,Phone Model X742,Phone Model X1 keyword,Phone Model X1 desc,us743
myproduct744,myproduct744,4,1,501,2.99,4,4,brand name,short description,description,0,100,10,1,Phone Model X743,Phone Model X1 keyword,Phone Model X1 desc,us744
myproduct745,myproduct745,4,1,501,2.99,4,4,brand name,short description,description,0,100,10,1,Phone Model X744,Phone Model X1 keyword,Phone Model X1 desc,us745
myproduct746,myproduct746,4,1,501,2.99,4,4,brand name,short description,description,0,100,10,1,Phone Model X745,Phone Model X1 keyword,Phone Model X1 desc,us746
myproduct747,myproduct747,4,1,501,2.99,4,4,brand name,short description,description,0,100,10,1,Phone Model X746,Phone Model X1 keyword,Phone Model X1 desc,us747
myproduct748,myproduct748,4,1,501,2.99,4,4,brand name,short description,description,0,100,10,1,Phone Model X747,Phone Model X1 keyword,Phone Model X1 desc,us748
myproduct749,myproduct749,4,1,501,2.99,4,4,brand name,short description,description,0,100,10,1,Phone Model X748,Phone Model X1 keyword,Phone Model X1 desc,us749
myproduct750,myproduct750,4,1,501,2.99,4,4,brand name,short description,description,0,100,10,1,Phone Model X749,Phone Model X1 keyword,Phone Model X1 desc,us750
myproduct751,myproduct751,4,1,501,2.99,4,4,brand name,short description,description,0,100,10,1,Phone Model X750,Phone Model X1 keyword,Phone Model X1 desc,us751
myproduct752,myproduct752,4,1,501,2.99,4,4,brand name,short description,description,0,100,10,1,Phone Model X751,Phone Model X1 keyword,Phone Model X1 desc,us752
myproduct753,myproduct753,4,1,501,2.99,4,4,brand name,short description,description,0,100,10,1,Phone Model X752,Phone Model X1 keyword,Phone Model X1 desc,us753
myproduct754,myproduct754,4,1,501,2.99,4,4,brand name,short description,description,0,100,10,1,Phone Model X753,Phone Model X1 keyword,Phone Model X1 desc,us754
myproduct755,myproduct755,4,1,501,2.99,4,4,brand name,short description,description,0,100,10,1,Phone Model X754,Phone Model X1 keyword,Phone Model X1 desc,us755
myproduct756,myproduct756,4,1,501,2.99,4,4,brand name,short description,description,0,100,10,1,Phone Model X755,Phone Model X1 keyword,Phone Model X1 desc,us756
myproduct757,myproduct757,4,1,501,2.99,4,4,brand name,short description,description,0,100,10,1,Phone Model X756,Phone Model X1 keyword,Phone Model X1 desc,us757
myproduct758,myproduct758,4,1,501,2.99,4,4,brand name,short description,description,0,100,10,1,Phone Model X757,Phone Model X1 keyword,Phone Model X1 desc,us758
myproduct759,myproduct759,4,1,501,2.99,4,4,brand name,short description,description,0,100,10,1,Phone Model X758,Phone Model X1 keyword,Phone Model X1 desc,us759
myproduct760,myproduct760,4,1,501,2.99,4,4,brand name,short description,description,0,100,10,1,Phone Model X759,Phone Model X1 keyword,Phone Model X1 desc,us760
myproduct761,myproduct761,4,1,501,2.99,4,4,brand name,short description,description,0,100,10,1,Phone Model X760,Phone Model X1 keyword,Phone Model X1 desc,us761
myproduct762,myproduct762,4,1,501,2.99,4,4,brand name,short description,description,0,100,10,1,Phone Model X761,Phone Model X1 keyword,Phone Model X1 desc,us762
myproduct763,myproduct763,4,1,501,2.99,4,4,brand name,short description,description,0,100,10,1,Phone Model X762,Phone Model X1 keyword,Phone Model X1 desc,us763
myproduct764,myproduct764,4,1,501,2.99,4,4,brand name,short description,description,0,100,10,1,Phone Model X763,Phone Model X1 keyword,Phone Model X1 desc,us764
myproduct765,myproduct765,4,1,501,2.99,4,4,brand name,short description,description,0,100,10,1,Phone Model X764,Phone Model X1 keyword,Phone Model X1 desc,us765
myproduct766,myproduct766,4,1,501,2.99,4,4,brand name,short description,description,0,100,10,1,Phone Model X765,Phone Model X1 keyword,Phone Model X1 desc,us766
myproduct767,myproduct767,4,1,501,2.99,4,4,brand name,short description,description,0,100,10,1,Phone Model X766,Phone Model X1 keyword,Phone Model X1 desc,us767
myproduct768,myproduct768,4,1,501,2.99,4,4,brand name,short description,description,0,100,10,1,Phone Model X767,Phone Model X1 keyword,Phone Model X1 desc,us768
myproduct769,myproduct769,4,1,501,2.99,4,4,brand name,short description,description,0,100,10,1,Phone Model X768,Phone Model X1 keyword,Phone Model X1 desc,us769
myproduct770,myproduct770,4,1,501,2.99,4,4,brand name,short description,description,0,100,10,1,Phone Model X769,Phone Model X1 keyword,Phone Model X1 desc,us770
myproduct771,myproduct771,4,1,501,2.99,4,4,brand name,short description,description,0,100,10,1,Phone Model X770,Phone Model X1 keyword,Phone Model X1 desc,us771
myproduct772,myproduct772,4,1,501,2.99,4,4,brand name,short description,description,0,100,10,1,Phone Model X771,Phone Model X1 keyword,Phone Model X1 desc,us772
myproduct773,myproduct773,4,1,501,2.99,4,4,brand name,short description,description,0,100,10,1,Phone Model X772,Phone Model X1 keyword,Phone Model X1 desc,us773
myproduct774,myproduct774,4,1,501,2.99,4,4,brand name,short description,description,0,100,10,1,Phone Model X773,Phone Model X1 keyword,Phone Model X1 desc,us774
myproduct775,myproduct775,4,1,501,2.99,4,4,brand name,short description,description,0,100,10,1,Phone Model X774,Phone Model X1 keyword,Phone Model X1 desc,us775
myproduct776,myproduct776,4,1,501,2.99,4,4,brand name,short description,description,0,100,10,1,Phone Model X775,Phone Model X1 keyword,Phone Model X1 desc,us776
myproduct777,myproduct777,4,1,501,2.99,4,4,brand name,short description,description,0,100,10,1,Phone Model X776,Phone Model X1 keyword,Phone Model X1 desc,us777
myproduct778,myproduct778,4,1,501,2.99,4,4,brand name,short description,description,0,100,10,1,Phone Model X777,Phone Model X1 keyword,Phone Model X1 desc,us778
myproduct779,myproduct779,4,1,501,2.99,4,4,brand name,short description,description,0,100,10,1,Phone Model X778,Phone Model X1 keyword,Phone Model X1 desc,us779
myproduct780,myproduct780,4,1,501,2.99,4,4,brand name,short description,description,0,100,10,1,Phone Model X779,Phone Model X1 keyword,Phone Model X1 desc,us780
myproduct781,myproduct781,4,1,501,2.99,4,4,brand name,short description,description,0,100,10,1,Phone Model X780,Phone Model X1 keyword,Phone Model X1 desc,us781
myproduct782,myproduct782,4,1,501,2.99,4,4,brand name,short description,description,0,100,10,1,Phone Model X781,Phone Model X1 keyword,Phone Model X1 desc,us782
myproduct783,myproduct783,4,1,501,2.99,4,4,brand name,short description,description,0,100,10,1,Phone Model X782,Phone Model X1 keyword,Phone Model X1 desc,us783
myproduct784,myproduct784,4,1,501,2.99,4,4,brand name,short description,description,0,100,10,1,Phone Model X783,Phone Model X1 keyword,Phone Model X1 desc,us784
myproduct785,myproduct785,4,1,501,2.99,4,4,brand name,short description,description,0,100,10,1,Phone Model X784,Phone Model X1 keyword,Phone Model X1 desc,us785
myproduct786,myproduct786,4,1,501,2.99,4,4,brand name,short description,description,0,100,10,1,Phone Model X785,Phone Model X1 keyword,Phone Model X1 desc,us786
myproduct787,myproduct787,4,1,501,2.99,4,4,brand name,short description,description,0,100,10,1,Phone Model X786,Phone Model X1 keyword,Phone Model X1 desc,us787
myproduct788,myproduct788,4,1,501,2.99,4,4,brand name,short description,description,0,100,10,1,Phone Model X787,Phone Model X1 keyword,Phone Model X1 desc,us788
myproduct789,myproduct789,4,1,501,2.99,4,4,brand name,short description,description,0,100,10,1,Phone Model X788,Phone Model X1 keyword,Phone Model X1 desc,us789
myproduct790,myproduct790,4,1,501,2.99,4,4,brand name,short description,description,0,100,10,1,Phone Model X789,Phone Model X1 keyword,Phone Model X1 desc,us790
myproduct791,myproduct791,4,1,501,2.99,4,4,brand name,short description,description,0,100,10,1,Phone Model X790,Phone Model X1 keyword,Phone Model X1 desc,us791
myproduct792,myproduct792,4,1,501,2.99,4,4,brand name,short description,description,0,100,10,1,Phone Model X791,Phone Model X1 keyword,Phone Model X1 desc,us792
myproduct793,myproduct793,4,1,501,2.99,4,4,brand name,short description,description,0,100,10,1,Phone Model X792,Phone Model X1 keyword,Phone Model X1 desc,us793
myproduct794,myproduct794,4,1,501,2.99,4,4,brand name,short description,description,0,100,10,1,Phone Model X793,Phone Model X1 keyword,Phone Model X1 desc,us794
myproduct795,myproduct795,4,1,501,2.99,4,4,brand name,short description,description,0,100,10,1,Phone Model X794,Phone Model X1 keyword,Phone Model X1 desc,us795
myproduct796,myproduct796,4,1,501,2.99,4,4,brand name,short description,description,0,100,10,1,Phone Model X795,Phone Model X1 keyword,Phone Model X1 desc,us796
myproduct797,myproduct797,4,1,501,2.99,4,4,brand name,short description,description,0,100,10,1,Phone Model X796,Phone Model X1 keyword,Phone Model X1 desc,us797
myproduct798,myproduct798,4,1,501,2.99,4,4,brand name,short description,description,0,100,10,1,Phone Model X797,Phone Model X1 keyword,Phone Model X1 desc,us798
myproduct799,myproduct799,4,1,501,2.99,4,4,brand name,short description,description,0,100,10,1,Phone Model X798,Phone Model X1 keyword,Phone Model X1 desc,us799
myproduct800,myproduct800,4,1,501,2.99,4,4,brand name,short description,description,0,100,10,1,Phone Model X799,Phone Model X1 keyword,Phone Model X1 desc,us800
myproduct801,myproduct801,4,1,501,2.99,4,4,brand name,short description,description,0,100,10,1,Phone Model X800,Phone Model X1 keyword,Phone Model X1 desc,us801
myproduct802,myproduct802,4,1,501,2.99,4,4,brand name,short description,description,0,100,10,1,Phone Model X801,Phone Model X1 keyword,Phone Model X1 desc,us802
myproduct803,myproduct803,4,1,501,2.99,4,4,brand name,short description,description,0,100,10,1,Phone Model X802,Phone Model X1 keyword,Phone Model X1 desc,us803
myproduct804,myproduct804,4,1,501,2.99,4,4,brand name,short description,description,0,100,10,1,Phone Model X803,Phone Model X1 keyword,Phone Model X1 desc,us804
myproduct805,myproduct805,4,1,501,2.99,4,4,brand name,short description,description,0,100,10,1,Phone Model X804,Phone Model X1 keyword,Phone Model X1 desc,us805
myproduct806,myproduct806,4,1,501,2.99,4,4,brand name,short description,description,0,100,10,1,Phone Model X805,Phone Model X1 keyword,Phone Model X1 desc,us806
myproduct807,myproduct807,4,1,501,2.99,4,4,brand name,short description,description,0,100,10,1,Phone Model X806,Phone Model X1 keyword,Phone Model X1 desc,us807
myproduct808,myproduct808,4,1,501,2.99,4,4,brand name,short description,description,0,100,10,1,Phone Model X807,Phone Model X1 keyword,Phone Model X1 desc,us808
myproduct809,myproduct809,4,1,501,2.99,4,4,brand name,short description,description,0,100,10,1,Phone Model X808,Phone Model X1 keyword,Phone Model X1 desc,us809
myproduct810,myproduct810,4,1,501,2.99,4,4,brand name,short description,description,0,100,10,1,Phone Model X809,Phone Model X1 keyword,Phone Model X1 desc,us810
myproduct811,myproduct811,4,1,501,2.99,4,4,brand name,short description,description,0,100,10,1,Phone Model X810,Phone Model X1 keyword,Phone Model X1 desc,us811
myproduct812,myproduct812,4,1,501,2.99,4,4,brand name,short description,description,0,100,10,1,Phone Model X811,Phone Model X1 keyword,Phone Model X1 desc,us812
myproduct813,myproduct813,4,1,501,2.99,4,4,brand name,short description,description,0,100,10,1,Phone Model X812,Phone Model X1 keyword,Phone Model X1 desc,us813
myproduct814,myproduct814,4,1,501,2.99,4,4,brand name,short description,description,0,100,10,1,Phone Model X813,Phone Model X1 keyword,Phone Model X1 desc,us814
myproduct815,myproduct815,4,1,501,2.99,4,4,brand name,short description,description,0,100,10,1,Phone Model X814,Phone Model X1 keyword,Phone Model X1 desc,us815
myproduct816,myproduct816,4,1,501,2.99,4,4,brand name,short description,description,0,100,10,1,Phone Model X815,Phone Model X1 keyword,Phone Model X1 desc,us816
myproduct817,myproduct817,4,1,501,2.99,4,4,brand name,short description,description,0,100,10,1,Phone Model X816,Phone Model X1 keyword,Phone Model X1 desc,us817
myproduct818,myproduct818,4,1,501,2.99,4,4,brand name,short description,description,0,100,10,1,Phone Model X817,Phone Model X1 keyword,Phone Model X1 desc,us818
myproduct819,myproduct819,4,1,501,2.99,4,4,brand name,short description,description,0,100,10,1,Phone Model X818,Phone Model X1 keyword,Phone Model X1 desc,us819
myproduct820,myproduct820,4,1,501,2.99,4,4,brand name,short description,description,0,100,10,1,Phone Model X819,Phone Model X1 keyword,Phone Model X1 desc,us820
myproduct821,myproduct821,4,1,501,2.99,4,4,brand name,short description,description,0,100,10,1,Phone Model X820,Phone Model X1 keyword,Phone Model X1 desc,us821
myproduct822,myproduct822,4,1,501,2.99,4,4,brand name,short description,description,0,100,10,1,Phone Model X821,Phone Model X1 keyword,Phone Model X1 desc,us822
myproduct823,myproduct823,4,1,501,2.99,4,4,brand name,short description,description,0,100,10,1,Phone Model X822,Phone Model X1 keyword,Phone Model X1 desc,us823
myproduct824,myproduct824,4,1,501,2.99,4,4,brand name,short description,description,0,100,10,1,Phone Model X823,Phone Model X1 keyword,Phone Model X1 desc,us824
myproduct825,myproduct825,4,1,501,2.99,4,4,brand name,short description,description,0,100,10,1,Phone Model X824,Phone Model X1 keyword,Phone Model X1 desc,us825
myproduct826,myproduct826,4,1,501,2.99,4,4,brand name,short description,description,0,100,10,1,Phone Model X825,Phone Model X1 keyword,Phone Model X1 desc,us826
myproduct827,myproduct827,4,1,501,2.99,4,4,brand name,short description,description,0,100,10,1,Phone Model X826,Phone Model X1 keyword,Phone Model X1 desc,us827
myproduct828,myproduct828,4,1,501,2.99,4,4,brand name,short description,description,0,100,10,1,Phone Model X827,Phone Model X1 keyword,Phone Model X1 desc,us828
myproduct829,myproduct829,4,1,501,2.99,4,4,brand name,short description,description,0,100,10,1,Phone Model X828,Phone Model X1 keyword,Phone Model X1 desc,us829
myproduct830,myproduct830,4,1,501,2.99,4,4,brand name,short description,description,0,100,10,1,Phone Model X829,Phone Model X1 keyword,Phone Model X1 desc,us830
myproduct831,myproduct831,4,1,501,2.99,4,4,brand name,short description,description,0,100,10,1,Phone Model X830,Phone Model X1 keyword,Phone Model X1 desc,us831
myproduct832,myproduct832,4,1,501,2.99,4,4,brand name,short description,description,0,100,10,1,Phone Model X831,Phone Model X1 keyword,Phone Model X1 desc,us832
myproduct833,myproduct833,4,1,501,2.99,4,4,brand name,short description,description,0,100,10,1,Phone Model X832,Phone Model X1 keyword,Phone Model X1 desc,us833
myproduct834,myproduct834,4,1,501,2.99,4,4,brand name,short description,description,0,100,10,1,Phone Model X833,Phone Model X1 keyword,Phone Model X1 desc,us834
myproduct835,myproduct835,4,1,501,2.99,4,4,brand name,short description,description,0,100,10,1,Phone Model X834,Phone Model X1 keyword,Phone Model X1 desc,us835
myproduct836,myproduct836,4,1,501,2.99,4,4,brand name,short description,description,0,100,10,1,Phone Model X835,Phone Model X1 keyword,Phone Model X1 desc,us836
myproduct837,myproduct837,4,1,501,2.99,4,4,brand name,short description,description,0,100,10,1,Phone Model X836,Phone Model X1 keyword,Phone Model X1 desc,us837
myproduct838,myproduct838,4,1,501,2.99,4,4,brand name,short description,description,0,100,10,1,Phone Model X837,Phone Model X1 keyword,Phone Model X1 desc,us838
myproduct839,myproduct839,4,1,501,2.99,4,4,brand name,short description,description,0,100,10,1,Phone Model X838,Phone Model X1 keyword,Phone Model X1 desc,us839
myproduct840,myproduct840,4,1,501,2.99,4,4,brand name,short description,description,0,100,10,1,Phone Model X839,Phone Model X1 keyword,Phone Model X1 desc,us840
myproduct841,myproduct841,4,1,501,2.99,4,4,brand name,short description,description,0,100,10,1,Phone Model X840,Phone Model X1 keyword,Phone Model X1 desc,us841
myproduct842,myproduct842,4,1,501,2.99,4,4,brand name,short description,description,0,100,10,1,Phone Model X841,Phone Model X1 keyword,Phone Model X1 desc,us842
myproduct843,myproduct843,4,1,501,2.99,4,4,brand name,short description,description,0,100,10,1,Phone Model X842,Phone Model X1 keyword,Phone Model X1 desc,us843
myproduct844,myproduct844,4,1,501,2.99,4,4,brand name,short description,description,0,100,10,1,Phone Model X843,Phone Model X1 keyword,Phone Model X1 desc,us844
myproduct845,myproduct845,4,1,501,2.99,4,4,brand name,short description,description,0,100,10,1,Phone Model X844,Phone Model X1 keyword,Phone Model X1 desc,us845
myproduct846,myproduct846,4,1,501,2.99,4,4,brand name,short description,description,0,100,10,1,Phone Model X845,Phone Model X1 keyword,Phone Model X1 desc,us846
myproduct847,myproduct847,4,1,501,2.99,4,4,brand name,short description,description,0,100,10,1,Phone Model X846,Phone Model X1 keyword,Phone Model X1 desc,us847
myproduct848,myproduct848,4,1,501,2.99,4,4,brand name,short description,description,0,100,10,1,Phone Model X847,Phone Model X1 keyword,Phone Model X1 desc,us848
myproduct849,myproduct849,4,1,501,2.99,4,4,brand name,short description,description,0,100,10,1,Phone Model X848,Phone Model X1 keyword,Phone Model X1 desc,us849
myproduct850,myproduct850,4,1,501,2.99,4,4,brand name,short description,description,0,100,10,1,Phone Model X849,Phone Model X1 keyword,Phone Model X1 desc,us850
myproduct851,myproduct851,4,1,501,2.99,4,4,brand name,short description,description,0,100,10,1,Phone Model X850,Phone Model X1 keyword,Phone Model X1 desc,us851
myproduct852,myproduct852,4,1,501,2.99,4,4,brand name,short description,description,0,100,10,1,Phone Model X851,Phone Model X1 keyword,Phone Model X1 desc,us852
myproduct853,myproduct853,4,1,501,2.99,4,4,brand name,short description,description,0,100,10,1,Phone Model X852,Phone Model X1 keyword,Phone Model X1 desc,us853
myproduct854,myproduct854,4,1,501,2.99,4,4,brand name,short description,description,0,100,10,1,Phone Model X853,Phone Model X1 keyword,Phone Model X1 desc,us854
myproduct855,myproduct855,4,1,501,2.99,4,4,brand name,short description,description,0,100,10,1,Phone Model X854,Phone Model X1 keyword,Phone Model X1 desc,us855
myproduct856,myproduct856,4,1,501,2.99,4,4,brand name,short description,description,0,100,10,1,Phone Model X855,Phone Model X1 keyword,Phone Model X1 desc,us856
myproduct857,myproduct857,4,1,501,2.99,4,4,brand name,short description,description,0,100,10,1,Phone Model X856,Phone Model X1 keyword,Phone Model X1 desc,us857
myproduct858,myproduct858,4,1,501,2.99,4,4,brand name,short description,description,0,100,10,1,Phone Model X857,Phone Model X1 keyword,Phone Model X1 desc,us858
myproduct859,myproduct859,4,1,501,2.99,4,4,brand name,short description,description,0,100,10,1,Phone Model X858,Phone Model X1 keyword,Phone Model X1 desc,us859
myproduct860,myproduct860,4,1,501,2.99,4,4,brand name,short description,description,0,100,10,1,Phone Model X859,Phone Model X1 keyword,Phone Model X1 desc,us860
myproduct861,myproduct861,4,1,501,2.99,4,4,brand name,short description,description,0,100,10,1,Phone Model X860,Phone Model X1 keyword,Phone Model X1 desc,us861
myproduct862,myproduct862,4,1,501,2.99,4,4,brand name,short description,description,0,100,10,1,Phone Model X861,Phone Model X1 keyword,Phone Model X1 desc,us862
myproduct863,myproduct863,4,1,501,2.99,4,4,brand name,short description,description,0,100,10,1,Phone Model X862,Phone Model X1 keyword,Phone Model X1 desc,us863
myproduct864,myproduct864,4,1,501,2.99,4,4,brand name,short description,description,0,100,10,1,Phone Model X863,Phone Model X1 keyword,Phone Model X1 desc,us864
myproduct865,myproduct865,4,1,501,2.99,4,4,brand name,short description,description,0,100,10,1,Phone Model X864,Phone Model X1 keyword,Phone Model X1 desc,us865
myproduct866,myproduct866,4,1,501,2.99,4,4,brand name,short description,description,0,100,10,1,Phone Model X865,Phone Model X1 keyword,Phone Model X1 desc,us866
myproduct867,myproduct867,4,1,501,2.99,4,4,brand name,short description,description,0,100,10,1,Phone Model X866,Phone Model X1 keyword,Phone Model X1 desc,us867
myproduct868,myproduct868,4,1,501,2.99,4,4,brand name,short description,description,0,100,10,1,Phone Model X867,Phone Model X1 keyword,Phone Model X1 desc,us868
myproduct869,myproduct869,4,1,501,2.99,4,4,brand name,short description,description,0,100,10,1,Phone Model X868,Phone Model X1 keyword,Phone Model X1 desc,us869
myproduct870,myproduct870,4,1,501,2.99,4,4,brand name,short description,description,0,100,10,1,Phone Model X869,Phone Model X1 keyword,Phone Model X1 desc,us870
myproduct871,myproduct871,4,1,501,2.99,4,4,brand name,short description,description,0,100,10,1,Phone Model X870,Phone Model X1 keyword,Phone Model X1 desc,us871
myproduct872,myproduct872,4,1,501,2.99,4,4,brand name,short description,description,0,100,10,1,Phone Model X871,Phone Model X1 keyword,Phone Model X1 desc,us872
myproduct873,myproduct873,4,1,501,2.99,4,4,brand name,short description,description,0,100,10,1,Phone Model X872,Phone Model X1 keyword,Phone Model X1 desc,us873
myproduct874,myproduct874,4,1,501,2.99,4,4,brand name,short description,description,0,100,10,1,Phone Model X873,Phone Model X1 keyword,Phone Model X1 desc,us874
myproduct875,myproduct875,4,1,501,2.99,4,4,brand name,short description,description,0,100,10,1,Phone Model X874,Phone Model X1 keyword,Phone Model X1 desc,us875
myproduct876,myproduct876,4,1,501,2.99,4,4,brand name,short description,description,0,100,10,1,Phone Model X875,Phone Model X1 keyword,Phone Model X1 desc,us876
myproduct877,myproduct877,4,1,501,2.99,4,4,brand name,short description,description,0,100,10,1,Phone Model X876,Phone Model X1 keyword,Phone Model X1 desc,us877
myproduct878,myproduct878,4,1,501,2.99,4,4,brand name,short description,description,0,100,10,1,Phone Model X877,Phone Model X1 keyword,Phone Model X1 desc,us878
myproduct879,myproduct879,4,1,501,2.99,4,4,brand name,short description,description,0,100,10,1,Phone Model X878,Phone Model X1 keyword,Phone Model X1 desc,us879
myproduct880,myproduct880,4,1,501,2.99,4,4,brand name,short description,description,0,100,10,1,Phone Model X879,Phone Model X1 keyword,Phone Model X1 desc,us880
myproduct881,myproduct881,4,1,501,2.99,4,4,brand name,short description,description,0,100,10,1,Phone Model X880,Phone Model X1 keyword,Phone Model X1 desc,us881
myproduct882,myproduct882,4,1,501,2.99,4,4,brand name,short description,description,0,100,10,1,Phone Model X881,Phone Model X1 keyword,Phone Model X1 desc,us882
myproduct883,myproduct883,4,1,501,2.99,4,4,brand name,short description,description,0,100,10,1,Phone Model X882,Phone Model X1 keyword,Phone Model X1 desc,us883
myproduct884,myproduct884,4,1,501,2.99,4,4,brand name,short description,description,0,100,10,1,Phone Model X883,Phone Model X1 keyword,Phone Model X1 desc,us884
myproduct885,myproduct885,4,1,501,2.99,4,4,brand name,short description,description,0,100,10,1,Phone Model X884,Phone Model X1 keyword,Phone Model X1 desc,us885
myproduct886,myproduct886,4,1,501,2.99,4,4,brand name,short description,description,0,100,10,1,Phone Model X885,Phone Model X1 keyword,Phone Model X1 desc,us886
myproduct887,myproduct887,4,1,501,2.99,4,4,brand name,short description,description,0,100,10,1,Phone Model X886,Phone Model X1 keyword,Phone Model X1 desc,us887
myproduct888,myproduct888,4,1,501,2.99,4,4,brand name,short description,description,0,100,10,1,Phone Model X887,Phone Model X1 keyword,Phone Model X1 desc,us888
myproduct889,myproduct889,4,1,501,2.99,4,4,brand name,short description,description,0,100,10,1,Phone Model X888,Phone Model X1 keyword,Phone Model X1 desc,us889
myproduct890,myproduct890,4,1,501,2.99,4,4,brand name,short description,description,0,100,10,1,Phone Model X889,Phone Model X1 keyword,Phone Model X1 desc,us890
myproduct891,myproduct891,4,1,501,2.99,4,4,brand name,short description,description,0,100,10,1,Phone Model X890,Phone Model X1 keyword,Phone Model X1 desc,us891
myproduct892,myproduct892,4,1,501,2.99,4,4,brand name,short description,description,0,100,10,1,Phone Model X891,Phone Model X1 keyword,Phone Model X1 desc,us892
myproduct893,myproduct893,4,1,501,2.99,4,4,brand name,short description,description,0,100,10,1,Phone Model X892,Phone Model X1 keyword,Phone Model X1 desc,us893
myproduct894,myproduct894,4,1,501,2.99,4,4,brand name,short description,description,0,100,10,1,Phone Model X893,Phone Model X1 keyword,Phone Model X1 desc,us894
myproduct895,myproduct895,4,1,501,2.99,4,4,brand name,short description,description,0,100,10,1,Phone Model X894,Phone Model X1 keyword,Phone Model X1 desc,us895
myproduct896,myproduct896,4,1,501,2.99,4,4,brand name,short description,description,0,100,10,1,Phone Model X895,Phone Model X1 keyword,Phone Model X1 desc,us896
myproduct897,myproduct897,4,1,501,2.99,4,4,brand name,short description,description,0,100,10,1,Phone Model X896,Phone Model X1 keyword,Phone Model X1 desc,us897
myproduct898,myproduct898,4,1,501,2.99,4,4,brand name,short description,description,0,100,10,1,Phone Model X897,Phone Model X1 keyword,Phone Model X1 desc,us898
myproduct899,myproduct899,4,1,501,2.99,4,4,brand name,short description,description,0,100,10,1,Phone Model X898,Phone Model X1 keyword,Phone Model X1 desc,us899
myproduct900,myproduct900,4,1,501,2.99,4,4,brand name,short description,description,0,100,10,1,Phone Model X899,Phone Model X1 keyword,Phone Model X1 desc,us900
myproduct901,myproduct901,4,1,501,2.99,4,4,brand name,short description,description,0,100,10,1,Phone Model X900,Phone Model X1 keyword,Phone Model X1 desc,us901
myproduct902,myproduct902,4,1,501,2.99,4,4,brand name,short description,description,0,100,10,1,Phone Model X901,Phone Model X1 keyword,Phone Model X1 desc,us902
myproduct903,myproduct903,4,1,501,2.99,4,4,brand name,short description,description,0,100,10,1,Phone Model X902,Phone Model X1 keyword,Phone Model X1 desc,us903
myproduct904,myproduct904,4,1,501,2.99,4,4,brand name,short description,description,0,100,10,1,Phone Model X903,Phone Model X1 keyword,Phone Model X1 desc,us904
myproduct905,myproduct905,4,1,501,2.99,4,4,brand name,short description,description,0,100,10,1,Phone Model X904,Phone Model X1 keyword,Phone Model X1 desc,us905
myproduct906,myproduct906,4,1,501,2.99,4,4,brand name,short description,description,0,100,10,1,Phone Model X905,Phone Model X1 keyword,Phone Model X1 desc,us906
myproduct907,myproduct907,4,1,501,2.99,4,4,brand name,short description,description,0,100,10,1,Phone Model X906,Phone Model X1 keyword,Phone Model X1 desc,us907
myproduct908,myproduct908,4,1,501,2.99,4,4,brand name,short description,description,0,100,10,1,Phone Model X907,Phone Model X1 keyword,Phone Model X1 desc,us908
myproduct909,myproduct909,4,1,501,2.99,4,4,brand name,short description,description,0,100,10,1,Phone Model X908,Phone Model X1 keyword,Phone Model X1 desc,us909
myproduct910,myproduct910,4,1,501,2.99,4,4,brand name,short description,description,0,100,10,1,Phone Model X909,Phone Model X1 keyword,Phone Model X1 desc,us910
myproduct911,myproduct911,4,1,501,2.99,4,4,brand name,short description,description,0,100,10,1,Phone Model X910,Phone Model X1 keyword,Phone Model X1 desc,us911
myproduct912,myproduct912,4,1,501,2.99,4,4,brand name,short description,description,0,100,10,1,Phone Model X911,Phone Model X1 keyword,Phone Model X1 desc,us912
myproduct913,myproduct913,4,1,501,2.99,4,4,brand name,short description,description,0,100,10,1,Phone Model X912,Phone Model X1 keyword,Phone Model X1 desc,us913
myproduct914,myproduct914,4,1,501,2.99,4,4,brand name,short description,description,0,100,10,1,Phone Model X913,Phone Model X1 keyword,Phone Model X1 desc,us914
myproduct915,myproduct915,4,1,501,2.99,4,4,brand name,short description,description,0,100,10,1,Phone Model X914,Phone Model X1 keyword,Phone Model X1 desc,us915
myproduct916,myproduct916,4,1,501,2.99,4,4,brand name,short description,description,0,100,10,1,Phone Model X915,Phone Model X1 keyword,Phone Model X1 desc,us916
myproduct917,myproduct917,4,1,501,2.99,4,4,brand name,short description,description,0,100,10,1,Phone Model X916,Phone Model X1 keyword,Phone Model X1 desc,us917
myproduct918,myproduct918,4,1,501,2.99,4,4,brand name,short description,description,0,100,10,1,Phone Model X917,Phone Model X1 keyword,Phone Model X1 desc,us918
myproduct919,myproduct919,4,1,501,2.99,4,4,brand name,short description,description,0,100,10,1,Phone Model X918,Phone Model X1 keyword,Phone Model X1 desc,us919
myproduct920,myproduct920,4,1,501,2.99,4,4,brand name,short description,description,0,100,10,1,Phone Model X919,Phone Model X1 keyword,Phone Model X1 desc,us920
myproduct921,myproduct921,4,1,501,2.99,4,4,brand name,short description,description,0,100,10,1,Phone Model X920,Phone Model X1 keyword,Phone Model X1 desc,us921
myproduct922,myproduct922,4,1,501,2.99,4,4,brand name,short description,description,0,100,10,1,Phone Model X921,Phone Model X1 keyword,Phone Model X1 desc,us922
myproduct923,myproduct923,4,1,501,2.99,4,4,brand name,short description,description,0,100,10,1,Phone Model X922,Phone Model X1 keyword,Phone Model X1 desc,us923
myproduct924,myproduct924,4,1,501,2.99,4,4,brand name,short description,description,0,100,10,1,Phone Model X923,Phone Model X1 keyword,Phone Model X1 desc,us924
myproduct925,myproduct925,4,1,501,2.99,4,4,brand name,short description,description,0,100,10,1,Phone Model X924,Phone Model X1 keyword,Phone Model X1 desc,us925
myproduct926,myproduct926,4,1,501,2.99,4,4,brand name,short description,description,0,100,10,1,Phone Model X925,Phone Model X1 keyword,Phone Model X1 desc,us926
myproduct927,myproduct927,4,1,501,2.99,4,4,brand name,short description,description,0,100,10,1,Phone Model X926,Phone Model X1 keyword,Phone Model X1 desc,us927
myproduct928,myproduct928,4,1,501,2.99,4,4,brand name,short description,description,0,100,10,1,Phone Model X927,Phone Model X1 keyword,Phone Model X1 desc,us928
myproduct929,myproduct929,4,1,501,2.99,4,4,brand name,short description,description,0,100,10,1,Phone Model X928,Phone Model X1 keyword,Phone Model X1 desc,us929
myproduct930,myproduct930,4,1,501,2.99,4,4,brand name,short description,description,0,100,10,1,Phone Model X929,Phone Model X1 keyword,Phone Model X1 desc,us930
myproduct931,myproduct931,4,1,501,2.99,4,4,brand name,short description,description,0,100,10,1,Phone Model X930,Phone Model X1 keyword,Phone Model X1 desc,us931
myproduct932,myproduct932,4,1,501,2.99,4,4,brand name,short description,description,0,100,10,1,Phone Model X931,Phone Model X1 keyword,Phone Model X1 desc,us932
myproduct933,myproduct933,4,1,501,2.99,4,4,brand name,short description,description,0,100,10,1,Phone Model X932,Phone Model X1 keyword,Phone Model X1 desc,us933
myproduct934,myproduct934,4,1,501,2.99,4,4,brand name,short description,description,0,100,10,1,Phone Model X933,Phone Model X1 keyword,Phone Model X1 desc,us934
myproduct935,myproduct935,4,1,501,2.99,4,4,brand name,short description,description,0,100,10,1,Phone Model X934,Phone Model X1 keyword,Phone Model X1 desc,us935
myproduct936,myproduct936,4,1,501,2.99,4,4,brand name,short description,description,0,100,10,1,Phone Model X935,Phone Model X1 keyword,Phone Model X1 desc,us936
myproduct937,myproduct937,4,1,501,2.99,4,4,brand name,short description,description,0,100,10,1,Phone Model X936,Phone Model X1 keyword,Phone Model X1 desc,us937
myproduct938,myproduct938,4,1,501,2.99,4,4,brand name,short description,description,0,100,10,1,Phone Model X937,Phone Model X1 keyword,Phone Model X1 desc,us938
myproduct939,myproduct939,4,1,501,2.99,4,4,brand name,short description,description,0,100,10,1,Phone Model X938,Phone Model X1 keyword,Phone Model X1 desc,us939
myproduct940,myproduct940,4,1,501,2.99,4,4,brand name,short description,description,0,100,10,1,Phone Model X939,Phone Model X1 keyword,Phone Model X1 desc,us940
myproduct941,myproduct941,4,1,501,2.99,4,4,brand name,short description,description,0,100,10,1,Phone Model X940,Phone Model X1 keyword,Phone Model X1 desc,us941
myproduct942,myproduct942,4,1,501,2.99,4,4,brand name,short description,description,0,100,10,1,Phone Model X941,Phone Model X1 keyword,Phone Model X1 desc,us942
myproduct943,myproduct943,4,1,501,2.99,4,4,brand name,short description,description,0,100,10,1,Phone Model X942,Phone Model X1 keyword,Phone Model X1 desc,us943
myproduct944,myproduct944,4,1,501,2.99,4,4,brand name,short description,description,0,100,10,1,Phone Model X943,Phone Model X1 keyword,Phone Model X1 desc,us944
myproduct945,myproduct945,4,1,501,2.99,4,4,brand name,short description,description,0,100,10,1,Phone Model X944,Phone Model X1 keyword,Phone Model X1 desc,us945
myproduct946,myproduct946,4,1,501,2.99,4,4,brand name,short description,description,0,100,10,1,Phone Model X945,Phone Model X1 keyword,Phone Model X1 desc,us946
myproduct947,myproduct947,4,1,501,2.99,4,4,brand name,short description,description,0,100,10,1,Phone Model X946,Phone Model X1 keyword,Phone Model X1 desc,us947
myproduct948,myproduct948,4,1,501,2.99,4,4,brand name,short description,description,0,100,10,1,Phone Model X947,Phone Model X1 keyword,Phone Model X1 desc,us948
myproduct949,myproduct949,4,1,501,2.99,4,4,brand name,short description,description,0,100,10,1,Phone Model X948,Phone Model X1 keyword,Phone Model X1 desc,us949
myproduct950,myproduct950,4,1,501,2.99,4,4,brand name,short description,description,0,100,10,1,Phone Model X949,Phone Model X1 keyword,Phone Model X1 desc,us950
myproduct951,myproduct951,4,1,501,2.99,4,4,brand name,short description,description,0,100,10,1,Phone Model X950,Phone Model X1 keyword,Phone Model X1 desc,us951
myproduct952,myproduct952,4,1,501,2.99,4,4,brand name,short description,description,0,100,10,1,Phone Model X951,Phone Model X1 keyword,Phone Model X1 desc,us952
myproduct953,myproduct953,4,1,501,2.99,4,4,brand name,short description,description,0,100,10,1,Phone Model X952,Phone Model X1 keyword,Phone Model X1 desc,us953
myproduct954,myproduct954,4,1,501,2.99,4,4,brand name,short description,description,0,100,10,1,Phone Model X953,Phone Model X1 keyword,Phone Model X1 desc,us954
myproduct955,myproduct955,4,1,501,2.99,4,4,brand name,short description,description,0,100,10,1,Phone Model X954,Phone Model X1 keyword,Phone Model X1 desc,us955
myproduct956,myproduct956,4,1,501,2.99,4,4,brand name,short description,description,0,100,10,1,Phone Model X955,Phone Model X1 keyword,Phone Model X1 desc,us956
myproduct957,myproduct957,4,1,501,2.99,4,4,brand name,short description,description,0,100,10,1,Phone Model X956,Phone Model X1 keyword,Phone Model X1 desc,us957
myproduct958,myproduct958,4,1,501,2.99,4,4,brand name,short description,description,0,100,10,1,Phone Model X957,Phone Model X1 keyword,Phone Model X1 desc,us958
myproduct959,myproduct959,4,1,501,2.99,4,4,brand name,short description,description,0,100,10,1,Phone Model X958,Phone Model X1 keyword,Phone Model X1 desc,us959
myproduct960,myproduct960,4,1,501,2.99,4,4,brand name,short description,description,0,100,10,1,Phone Model X959,Phone Model X1 keyword,Phone Model X1 desc,us960
myproduct961,myproduct961,4,1,501,2.99,4,4,brand name,short description,description,0,100,10,1,Phone Model X960,Phone Model X1 keyword,Phone Model X1 desc,us961
myproduct962,myproduct962,4,1,501,2.99,4,4,brand name,short description,description,0,100,10,1,Phone Model X961,Phone Model X1 keyword,Phone Model X1 desc,us962
myproduct963,myproduct963,4,1,501,2.99,4,4,brand name,short description,description,0,100,10,1,Phone Model X962,Phone Model X1 keyword,Phone Model X1 desc,us963
myproduct964,myproduct964,4,1,501,2.99,4,4,brand name,short description,description,0,100,10,1,Phone Model X963,Phone Model X1 keyword,Phone Model X1 desc,us964
myproduct965,myproduct965,4,1,501,2.99,4,4,brand name,short description,description,0,100,10,1,Phone Model X964,Phone Model X1 keyword,Phone Model X1 desc,us965
myproduct966,myproduct966,4,1,501,2.99,4,4,brand name,short description,description,0,100,10,1,Phone Model X965,Phone Model X1 keyword,Phone Model X1 desc,us966
myproduct967,myproduct967,4,1,501,2.99,4,4,brand name,short description,description,0,100,10,1,Phone Model X966,Phone Model X1 keyword,Phone Model X1 desc,us967
myproduct968,myproduct968,4,1,501,2.99,4,4,brand name,short description,description,0,100,10,1,Phone Model X967,Phone Model X1 keyword,Phone Model X1 desc,us968
myproduct969,myproduct969,4,1,501,2.99,4,4,brand name,short description,description,0,100,10,1,Phone Model X968,Phone Model X1 keyword,Phone Model X1 desc,us969
myproduct970,myproduct970,4,1,501,2.99,4,4,brand name,short description,description,0,100,10,1,Phone Model X969,Phone Model X1 keyword,Phone Model X1 desc,us970
myproduct971,myproduct971,4,1,501,2.99,4,4,brand name,short description,description,0,100,10,1,Phone Model X970,Phone Model X1 keyword,Phone Model X1 desc,us971
myproduct972,myproduct972,4,1,501,2.99,4,4,brand name,short description,description,0,100,10,1,Phone Model X971,Phone Model X1 keyword,Phone Model X1 desc,us972
myproduct973,myproduct973,4,1,501,2.99,4,4,brand name,short description,description,0,100,10,1,Phone Model X972,Phone Model X1 keyword,Phone Model X1 desc,us973
myproduct974,myproduct974,4,1,501,2.99,4,4,brand name,short description,description,0,100,10,1,Phone Model X973,Phone Model X1 keyword,Phone Model X1 desc,us974
myproduct975,myproduct975,4,1,501,2.99,4,4,brand name,short description,description,0,100,10,1,Phone Model X974,Phone Model X1 keyword,Phone Model X1 desc,us975
myproduct976,myproduct976,4,1,501,2.99,4,4,brand name,short description,description,0,100,10,1,Phone Model X975,Phone Model X1 keyword,Phone Model X1 desc,us976
myproduct977,myproduct977,4,1,501,2.99,4,4,brand name,short description,description,0,100,10,1,Phone Model X976,Phone Model X1 keyword,Phone Model X1 desc,us977
myproduct978,myproduct978,4,1,501,2.99,4,4,brand name,short description,description,0,100,10,1,Phone Model X977,Phone Model X1 keyword,Phone Model X1 desc,us978
myproduct979,myproduct979,4,1,501,2.99,4,4,brand name,short description,description,0,100,10,1,Phone Model X978,Phone Model X1 keyword,Phone Model X1 desc,us979
myproduct980,myproduct980,4,1,501,2.99,4,4,brand name,short description,description,0,100,10,1,Phone Model X979,Phone Model X1 keyword,Phone Model X1 desc,us980
myproduct981,myproduct981,4,1,501,2.99,4,4,brand name,short description,description,0,100,10,1,Phone Model X980,Phone Model X1 keyword,Phone Model X1 desc,us981
myproduct982,myproduct982,4,1,501,2.99,4,4,brand name,short description,description,0,100,10,1,Phone Model X981,Phone Model X1 keyword,Phone Model X1 desc,us982
myproduct983,myproduct983,4,1,501,2.99,4,4,brand name,short description,description,0,100,10,1,Phone Model X982,Phone Model X1 keyword,Phone Model X1 desc,us983
myproduct984,myproduct984,4,1,501,2.99,4,4,brand name,short description,description,0,100,10,1,Phone Model X983,Phone Model X1 keyword,Phone Model X1 desc,us984
myproduct985,myproduct985,4,1,501,2.99,4,4,brand name,short description,description,0,100,10,1,Phone Model X984,Phone Model X1 keyword,Phone Model X1 desc,us985
myproduct986,myproduct986,4,1,501,2.99,4,4,brand name,short description,description,0,100,10,1,Phone Model X985,Phone Model X1 keyword,Phone Model X1 desc,us986
myproduct987,myproduct987,4,1,501,2.99,4,4,brand name,short description,description,0,100,10,1,Phone Model X986,Phone Model X1 keyword,Phone Model X1 desc,us987
myproduct988,myproduct988,4,1,501,2.99,4,4,brand name,short description,description,0,100,10,1,Phone Model X987,Phone Model X1 keyword,Phone Model X1 desc,us988
myproduct989,myproduct989,4,1,501,2.99,4,4,brand name,short description,description,0,100,10,1,Phone Model X988,Phone Model X1 keyword,Phone Model X1 desc,us989
myproduct990,myproduct990,4,1,501,2.99,4,4,brand name,short description,description,0,100,10,1,Phone Model X989,Phone Model X1 keyword,Phone Model X1 desc,us990
myproduct991,myproduct991,4,1,501,2.99,4,4,brand name,short description,description,0,100,10,1,Phone Model X990,Phone Model X1 keyword,Phone Model X1 desc,us991
myproduct992,myproduct992,4,1,501,2.99,4,4,brand name,short description,description,0,100,10,1,Phone Model X991,Phone Model X1 keyword,Phone Model X1 desc,us992
myproduct993,myproduct993,4,1,501,2.99,4,4,brand name,short description,description,0,100,10,1,Phone Model X992,Phone Model X1 keyword,Phone Model X1 desc,us993
myproduct994,myproduct994,4,1,501,2.99,4,4,brand name,short description,description,0,100,10,1,Phone Model X993,Phone Model X1 keyword,Phone Model X1 desc,us994
myproduct995,myproduct995,4,1,501,2.99,4,4,brand name,short description,description,0,100,10,1,Phone Model X994,Phone Model X1 keyword,Phone Model X1 desc,us995
myproduct996,myproduct996,4,1,501,2.99,4,4,brand name,short description,description,0,100,10,1,Phone Model X995,Phone Model X1 keyword,Phone Model X1 desc,us996
myproduct997,myproduct997,4,1,501,2.99,4,4,brand name,short description,description,0,100,10,1,Phone Model X996,Phone Model X1 keyword,Phone Model X1 desc,us997
myproduct998,myproduct998,4,1,501,2.99,4,4,brand name,short description,description,0,100,10,1,Phone Model X997,Phone Model X1 keyword,Phone Model X1 desc,us998
myproduct999,myproduct999,4,1,501,2.99,4,4,brand name,short description,description,0,100,10,1,Phone Model X998,Phone Model X1 keyword,Phone Model X1 desc,us999
myproduct1000,myproduct1000,4,1,501,2.99,4,4,brand name,short description,description,0,100,10,1,Phone Model X999,Phone Model X1 keyword,Phone Model X1 desc,us1000
myproduct1001,myproduct1001,4,1,501,2.99,4,4,brand name,short description,description,0,100,10,1,Phone Model X1000,Phone Model X1 keyword,Phone Model X1 desc,us1001
myproduct1002,myproduct1002,4,1,501,2.99,4,4,brand name,short description,description,0,100,10,1,Phone Model X1001,Phone Model X1 keyword,Phone Model X1 desc,us1002
myproduct1003,myproduct1003,4,1,501,2.99,4,4,brand name,short description,description,0,100,10,1,Phone Model X1002,Phone Model X1 keyword,Phone Model X1 desc,us1003
myproduct1004,myproduct1004,4,1,501,2.99,4,4,brand name,short description,description,0,100,10,1,Phone Model X1003,Phone Model X1 keyword,Phone Model X1 desc,us1004
myproduct1005,myproduct1005,4,1,501,2.99,4,4,brand name,short description,description,0,100,10,1,Phone Model X1004,Phone Model X1 keyword,Phone Model X1 desc,us1005
myproduct1006,myproduct1006,4,1,501,2.99,4,4,brand name,short description,description,0,100,10,1,Phone Model X1005,Phone Model X1 keyword,Phone Model X1 desc,us1006
myproduct1007,myproduct1007,4,1,501,2.99,4,4,brand name,short description,description,0,100,10,1,Phone Model X1006,Phone Model X1 keyword,Phone Model X1 desc,us1007
myproduct1008,myproduct1008,4,1,501,2.99,4,4,brand name,short description,description,0,100,10,1,Phone Model X1007,Phone Model X1 keyword,Phone Model X1 desc,us1008
myproduct1009,myproduct1009,4,1,501,2.99,4,4,brand name,short description,description,0,100,10,1,Phone Model X1008,Phone Model X1 keyword,Phone Model X1 desc,us1009
myproduct1010,myproduct1010,4,1,501,2.99,4,4,brand name,short description,description,0,100,10,1,Phone Model X1009,Phone Model X1 keyword,Phone Model X1 desc,us1010
myproduct1011,myproduct1011,4,1,501,2.99,4,4,brand name,short description,description,0,100,10,1,Phone Model X1010,Phone Model X1 keyword,Phone Model X1 desc,us1011
myproduct1012,myproduct1012,4,1,501,2.99,4,4,brand name,short description,description,0,100,10,1,Phone Model X1011,Phone Model X1 keyword,Phone Model X1 desc,us1012
myproduct1013,myproduct1013,4,1,501,2.99,4,4,brand name,short description,description,0,100,10,1,Phone Model X1012,Phone Model X1 keyword,Phone Model X1 desc,us1013
myproduct1014,myproduct1014,4,1,501,2.99,4,4,brand name,short description,description,0,100,10,1,Phone Model X1013,Phone Model X1 keyword,Phone Model X1 desc,us1014
myproduct1015,myproduct1015,4,1,501,2.99,4,4,brand name,short description,description,0,100,10,1,Phone Model X1014,Phone Model X1 keyword,Phone Model X1 desc,us1015
myproduct1016,myproduct1016,4,1,501,2.99,4,4,brand name,short description,description,0,100,10,1,Phone Model X1015,Phone Model X1 keyword,Phone Model X1 desc,us1016
myproduct1017,myproduct1017,4,1,501,2.99,4,4,brand name,short description,description,0,100,10,1,Phone Model X1016,Phone Model X1 keyword,Phone Model X1 desc,us1017
myproduct1018,myproduct1018,4,1,501,2.99,4,4,brand name,short description,description,0,100,10,1,Phone Model X1017,Phone Model X1 keyword,Phone Model X1 desc,us1018
myproduct1019,myproduct1019,4,1,501,2.99,4,4,brand name,short description,description,0,100,10,1,Phone Model X1018,Phone Model X1 keyword,Phone Model X1 desc,us1019
myproduct1020,myproduct1020,4,1,501,2.99,4,4,brand name,short description,description,0,100,10,1,Phone Model X1019,Phone Model X1 keyword,Phone Model X1 desc,us1020
myproduct1021,myproduct1021,4,1,501,2.99,4,4,brand name,short description,description,0,100,10,1,Phone Model X1020,Phone Model X1 keyword,Phone Model X1 desc,us1021
myproduct1022,myproduct1022,4,1,501,2.99,4,4,brand name,short description,description,0,100,10,1,Phone Model X1021,Phone Model X1 keyword,Phone Model X1 desc,us1022
myproduct1023,myproduct1023,4,1,501,2.99,4,4,brand name,short description,description,0,100,10,1,Phone Model X1022,Phone Model X1 keyword,Phone Model X1 desc,us1023
myproduct1024,myproduct1024,4,1,501,2.99,4,4,brand name,short description,description,0,100,10,1,Phone Model X1023,Phone Model X1 keyword,Phone Model X1 desc,us1024
myproduct1025,myproduct1025,4,1,501,2.99,4,4,brand name,short description,description,0,100,10,1,Phone Model X1024,Phone Model X1 keyword,Phone Model X1 desc,us1025
myproduct1026,myproduct1026,4,1,501,2.99,4,4,brand name,short description,description,0,100,10,1,Phone Model X1025,Phone Model X1 keyword,Phone Model X1 desc,us1026
myproduct1027,myproduct1027,4,1,501,2.99,4,4,brand name,short description,description,0,100,10,1,Phone Model X1026,Phone Model X1 keyword,Phone Model X1 desc,us1027
myproduct1028,myproduct1028,4,1,501,2.99,4,4,brand name,short description,description,0,100,10,1,Phone Model X1027,Phone Model X1 keyword,Phone Model X1 desc,us1028
myproduct1029,myproduct1029,4,1,501,2.99,4,4,brand name,short description,description,0,100,10,1,Phone Model X1028,Phone Model X1 keyword,Phone Model X1 desc,us1029
myproduct1030,myproduct1030,4,1,501,2.99,4,4,brand name,short description,description,0,100,10,1,Phone Model X1029,Phone Model X1 keyword,Phone Model X1 desc,us1030
myproduct1031,myproduct1031,4,1,501,2.99,4,4,brand name,short description,description,0,100,10,1,Phone Model X1030,Phone Model X1 keyword,Phone Model X1 desc,us1031
myproduct1032,myproduct1032,4,1,501,2.99,4,4,brand name,short description,description,0,100,10,1,Phone Model X1031,Phone Model X1 keyword,Phone Model X1 desc,us1032
myproduct1033,myproduct1033,4,1,501,2.99,4,4,brand name,short description,description,0,100,10,1,Phone Model X1032,Phone Model X1 keyword,Phone Model X1 desc,us1033
myproduct1034,myproduct1034,4,1,501,2.99,4,4,brand name,short description,description,0,100,10,1,Phone Model X1033,Phone Model X1 keyword,Phone Model X1 desc,us1034
myproduct1035,myproduct1035,4,1,501,2.99,4,4,brand name,short description,description,0,100,10,1,Phone Model X1034,Phone Model X1 keyword,Phone Model X1 desc,us1035
myproduct1036,myproduct1036,4,1,501,2.99,4,4,brand name,short description,description,0,100,10,1,Phone Model X1035,Phone Model X1 keyword,Phone Model X1 desc,us1036
myproduct1037,myproduct1037,4,1,501,2.99,4,4,brand name,short description,description,0,100,10,1,Phone Model X1036,Phone Model X1 keyword,Phone Model X1 desc,us1037
myproduct1038,myproduct1038,4,1,501,2.99,4,4,brand name,short description,description,0,100,10,1,Phone Model X1037,Phone Model X1 keyword,Phone Model X1 desc,us1038
myproduct1039,myproduct1039,4,1,501,2.99,4,4,brand name,short description,description,0,100,10,1,Phone Model X1038,Phone Model X1 keyword,Phone Model X1 desc,us1039
myproduct1040,myproduct1040,4,1,501,2.99,4,4,brand name,short description,description,0,100,10,1,Phone Model X1039,Phone Model X1 keyword,Phone Model X1 desc,us1040
myproduct1041,myproduct1041,4,1,501,2.99,4,4,brand name,short description,description,0,100,10,1,Phone Model X1040,Phone Model X1 keyword,Phone Model X1 desc,us1041
myproduct1042,myproduct1042,4,1,501,2.99,4,4,brand name,short description,description,0,100,10,1,Phone Model X1041,Phone Model X1 keyword,Phone Model X1 desc,us1042
myproduct1043,myproduct1043,4,1,501,2.99,4,4,brand name,short description,description,0,100,10,1,Phone Model X1042,Phone Model X1 keyword,Phone Model X1 desc,us1043
myproduct1044,myproduct1044,4,1,501,2.99,4,4,brand name,short description,description,0,100,10,1,Phone Model X1043,Phone Model X1 keyword,Phone Model X1 desc,us1044
myproduct1045,myproduct1045,4,1,501,2.99,4,4,brand name,short description,description,0,100,10,1,Phone Model X1044,Phone Model X1 keyword,Phone Model X1 desc,us1045
myproduct1046,myproduct1046,4,1,501,2.99,4,4,brand name,short description,description,0,100,10,1,Phone Model X1045,Phone Model X1 keyword,Phone Model X1 desc,us1046
myproduct1047,myproduct1047,4,1,501,2.99,4,4,brand name,short description,description,0,100,10,1,Phone Model X1046,Phone Model X1 keyword,Phone Model X1 desc,us1047
myproduct1048,myproduct1048,4,1,501,2.99,4,4,brand name,short description,description,0,100,10,1,Phone Model X1047,Phone Model X1 keyword,Phone Model X1 desc,us1048
myproduct1049,myproduct1049,4,1,501,2.99,4,4,brand name,short description,description,0,100,10,1,Phone Model X1048,Phone Model X1 keyword,Phone Model X1 desc,us1049
myproduct1050,myproduct1050,4,1,501,2.99,4,4,brand name,short description,description,0,100,10,1,Phone Model X1049,Phone Model X1 keyword,Phone Model X1 desc,us1050
myproduct1051,myproduct1051,4,1,501,2.99,4,4,brand name,short description,description,0,100,10,1,Phone Model X1050,Phone Model X1 keyword,Phone Model X1 desc,us1051
myproduct1052,myproduct1052,4,1,501,2.99,4,4,brand name,short description,description,0,100,10,1,Phone Model X1051,Phone Model X1 keyword,Phone Model X1 desc,us1052
myproduct1053,myproduct1053,4,1,501,2.99,4,4,brand name,short description,description,0,100,10,1,Phone Model X1052,Phone Model X1 keyword,Phone Model X1 desc,us1053
myproduct1054,myproduct1054,4,1,501,2.99,4,4,brand name,short description,description,0,100,10,1,Phone Model X1053,Phone Model X1 keyword,Phone Model X1 desc,us1054
myproduct1055,myproduct1055,4,1,501,2.99,4,4,brand name,short description,description,0,100,10,1,Phone Model X1054,Phone Model X1 keyword,Phone Model X1 desc,us1055
myproduct1056,myproduct1056,4,1,501,2.99,4,4,brand name,short description,description,0,100,10,1,Phone Model X1055,Phone Model X1 keyword,Phone Model X1 desc,us1056
myproduct1057,myproduct1057,4,1,501,2.99,4,4,brand name,short description,description,0,100,10,1,Phone Model X1056,Phone Model X1 keyword,Phone Model X1 desc,us1057
myproduct1058,myproduct1058,4,1,501,2.99,4,4,brand name,short description,description,0,100,10,1,Phone Model X1057,Phone Model X1 keyword,Phone Model X1 desc,us1058
myproduct1059,myproduct1059,4,1,501,2.99,4,4,brand name,short description,description,0,100,10,1,Phone Model X1058,Phone Model X1 keyword,Phone Model X1 desc,us1059
myproduct1060,myproduct1060,4,1,501,2.99,4,4,brand name,short description,description,0,100,10,1,Phone Model X1059,Phone Model X1 keyword,Phone Model X1 desc,us1060
myproduct1061,myproduct1061,4,1,501,2.99,4,4,brand name,short description,description,0,100,10,1,Phone Model X1060,Phone Model X1 keyword,Phone Model X1 desc,us1061
myproduct1062,myproduct1062,4,1,501,2.99,4,4,brand name,short description,description,0,100,10,1,Phone Model X1061,Phone Model X1 keyword,Phone Model X1 desc,us1062
myproduct1063,myproduct1063,4,1,501,2.99,4,4,brand name,short description,description,0,100,10,1,Phone Model X1062,Phone Model X1 keyword,Phone Model X1 desc,us1063
myproduct1064,myproduct1064,4,1,501,2.99,4,4,brand name,short description,description,0,100,10,1,Phone Model X1063,Phone Model X1 keyword,Phone Model X1 desc,us1064
myproduct1065,myproduct1065,4,1,501,2.99,4,4,brand name,short description,description,0,100,10,1,Phone Model X1064,Phone Model X1 keyword,Phone Model X1 desc,us1065
myproduct1066,myproduct1066,4,1,501,2.99,4,4,brand name,short description,description,0,100,10,1,Phone Model X1065,Phone Model X1 keyword,Phone Model X1 desc,us1066
myproduct1067,myproduct1067,4,1,501,2.99,4,4,brand name,short description,description,0,100,10,1,Phone Model X1066,Phone Model X1 keyword,Phone Model X1 desc,us1067
myproduct1068,myproduct1068,4,1,501,2.99,4,4,brand name,short description,description,0,100,10,1,Phone Model X1067,Phone Model X1 keyword,Phone Model X1 desc,us1068
myproduct1069,myproduct1069,4,1,501,2.99,4,4,brand name,short description,description,0,100,10,1,Phone Model X1068,Phone Model X1 keyword,Phone Model X1 desc,us1069
myproduct1070,myproduct1070,4,1,501,2.99,4,4,brand name,short description,description,0,100,10,1,Phone Model X1069,Phone Model X1 keyword,Phone Model X1 desc,us1070
myproduct1071,myproduct1071,4,1,501,2.99,4,4,brand name,short description,description,0,100,10,1,Phone Model X1070,Phone Model X1 keyword,Phone Model X1 desc,us1071
myproduct1072,myproduct1072,4,1,501,2.99,4,4,brand name,short description,description,0,100,10,1,Phone Model X1071,Phone Model X1 keyword,Phone Model X1 desc,us1072
myproduct1073,myproduct1073,4,1,501,2.99,4,4,brand name,short description,description,0,100,10,1,Phone Model X1072,Phone Model X1 keyword,Phone Model X1 desc,us1073
myproduct1074,myproduct1074,4,1,501,2.99,4,4,brand name,short description,description,0,100,10,1,Phone Model X1073,Phone Model X1 keyword,Phone Model X1 desc,us1074
myproduct1075,myproduct1075,4,1,501,2.99,4,4,brand name,short description,description,0,100,10,1,Phone Model X1074,Phone Model X1 keyword,Phone Model X1 desc,us1075
myproduct1076,myproduct1076,4,1,501,2.99,4,4,brand name,short description,description,0,100,10,1,Phone Model X1075,Phone Model X1 keyword,Phone Model X1 desc,us1076
myproduct1077,myproduct1077,4,1,501,2.99,4,4,brand name,short description,description,0,100,10,1,Phone Model X1076,Phone Model X1 keyword,Phone Model X1 desc,us1077
myproduct1078,myproduct1078,4,1,501,2.99,4,4,brand name,short description,description,0,100,10,1,Phone Model X1077,Phone Model X1 keyword,Phone Model X1 desc,us1078
myproduct1079,myproduct1079,4,1,501,2.99,4,4,brand name,short description,description,0,100,10,1,Phone Model X1078,Phone Model X1 keyword,Phone Model X1 desc,us1079
myproduct1080,myproduct1080,4,1,501,2.99,4,4,brand name,short description,description,0,100,10,1,Phone Model X1079,Phone Model X1 keyword,Phone Model X1 desc,us1080
myproduct1081,myproduct1081,4,1,501,2.99,4,4,brand name,short description,description,0,100,10,1,Phone Model X1080,Phone Model X1 keyword,Phone Model X1 desc,us1081
myproduct1082,myproduct1082,4,1,501,2.99,4,4,brand name,short description,description,0,100,10,1,Phone Model X1081,Phone Model X1 keyword,Phone Model X1 desc,us1082
myproduct1083,myproduct1083,4,1,501,2.99,4,4,brand name,short description,description,0,100,10,1,Phone Model X1082,Phone Model X1 keyword,Phone Model X1 desc,us1083
myproduct1084,myproduct1084,4,1,501,2.99,4,4,brand name,short description,description,0,100,10,1,Phone Model X1083,Phone Model X1 keyword,Phone Model X1 desc,us1084
myproduct1085,myproduct1085,4,1,501,2.99,4,4,brand name,short description,description,0,100,10,1,Phone Model X1084,Phone Model X1 keyword,Phone Model X1 desc,us1085
myproduct1086,myproduct1086,4,1,501,2.99,4,4,brand name,short description,description,0,100,10,1,Phone Model X1085,Phone Model X1 keyword,Phone Model X1 desc,us1086
myproduct1087,myproduct1087,4,1,501,2.99,4,4,brand name,short description,description,0,100,10,1,Phone Model X1086,Phone Model X1 keyword,Phone Model X1 desc,us1087
myproduct1088,myproduct1088,4,1,501,2.99,4,4,brand name,short description,description,0,100,10,1,Phone Model X1087,Phone Model X1 keyword,Phone Model X1 desc,us1088
myproduct1089,myproduct1089,4,1,501,2.99,4,4,brand name,short description,description,0,100,10,1,Phone Model X1088,Phone Model X1 keyword,Phone Model X1 desc,us1089
myproduct1090,myproduct1090,4,1,501,2.99,4,4,brand name,short description,description,0,100,10,1,Phone Model X1089,Phone Model X1 keyword,Phone Model X1 desc,us1090
myproduct1091,myproduct1091,4,1,501,2.99,4,4,brand name,short description,description,0,100,10,1,Phone Model X1090,Phone Model X1 keyword,Phone Model X1 desc,us1091
myproduct1092,myproduct1092,4,1,501,2.99,4,4,brand name,short description,description,0,100,10,1,Phone Model X1091,Phone Model X1 keyword,Phone Model X1 desc,us1092
myproduct1093,myproduct1093,4,1,501,2.99,4,4,brand name,short description,description,0,100,10,1,Phone Model X1092,Phone Model X1 keyword,Phone Model X1 desc,us1093
myproduct1094,myproduct1094,4,1,501,2.99,4,4,brand name,short description,description,0,100,10,1,Phone Model X1093,Phone Model X1 keyword,Phone Model X1 desc,us1094
myproduct1095,myproduct1095,4,1,501,2.99,4,4,brand name,short description,description,0,100,10,1,Phone Model X1094,Phone Model X1 keyword,Phone Model X1 desc,us1095
myproduct1096,myproduct1096,4,1,501,2.99,4,4,brand name,short description,description,0,100,10,1,Phone Model X1095,Phone Model X1 keyword,Phone Model X1 desc,us1096
myproduct1097,myproduct1097,4,1,501,2.99,4,4,brand name,short description,description,0,100,10,1,Phone Model X1096,Phone Model X1 keyword,Phone Model X1 desc,us1097
myproduct1098,myproduct1098,4,1,501,2.99,4,4,brand name,short description,description,0,100,10,1,Phone Model X1097,Phone Model X1 keyword,Phone Model X1 desc,us1098
myproduct1099,myproduct1099,4,1,501,2.99,4,4,brand name,short description,description,0,100,10,1,Phone Model X1098,Phone Model X1 keyword,Phone Model X1 desc,us1099
myproduct1100,myproduct1100,4,1,501,2.99,4,4,brand name,short description,description,0,100,10,1,Phone Model X1099,Phone Model X1 keyword,Phone Model X1 desc,us1100
myproduct1101,myproduct1101,4,1,501,2.99,4,4,brand name,short description,description,0,100,10,1,Phone Model X1100,Phone Model X1 keyword,Phone Model X1 desc,us1101
myproduct1102,myproduct1102,4,1,501,2.99,4,4,brand name,short description,description,0,100,10,1,Phone Model X1101,Phone Model X1 keyword,Phone Model X1 desc,us1102
myproduct1103,myproduct1103,4,1,501,2.99,4,4,brand name,short description,description,0,100,10,1,Phone Model X1102,Phone Model X1 keyword,Phone Model X1 desc,us1103
myproduct1104,myproduct1104,4,1,501,2.99,4,4,brand name,short description,description,0,100,10,1,Phone Model X1103,Phone Model X1 keyword,Phone Model X1 desc,us1104
myproduct1105,myproduct1105,4,1,501,2.99,4,4,brand name,short description,description,0,100,10,1,Phone Model X1104,Phone Model X1 keyword,Phone Model X1 desc,us1105
myproduct1106,myproduct1106,4,1,501,2.99,4,4,brand name,short description,description,0,100,10,1,Phone Model X1105,Phone Model X1 keyword,Phone Model X1 desc,us1106
myproduct1107,myproduct1107,4,1,501,2.99,4,4,brand name,short description,description,0,100,10,1,Phone Model X1106,Phone Model X1 keyword,Phone Model X1 desc,us1107
myproduct1108,myproduct1108,4,1,501,2.99,4,4,brand name,short description,description,0,100,10,1,Phone Model X1107,Phone Model X1 keyword,Phone Model X1 desc,us1108
myproduct1109,myproduct1109,4,1,501,2.99,4,4,brand name,short description,description,0,100,10,1,Phone Model X1108,Phone Model X1 keyword,Phone Model X1 desc,us1109
myproduct1110,myproduct1110,4,1,501,2.99,4,4,brand name,short description,description,0,100,10,1,Phone Model X1109,Phone Model X1 keyword,Phone Model X1 desc,us1110
myproduct1111,myproduct1111,4,1,501,2.99,4,4,brand name,short description,description,0,100,10,1,Phone Model X1110,Phone Model X1 keyword,Phone Model X1 desc,us1111
myproduct1112,myproduct1112,4,1,501,2.99,4,4,brand name,short description,description,0,100,10,1,Phone Model X1111,Phone Model X1 keyword,Phone Model X1 desc,us1112
myproduct1113,myproduct1113,4,1,501,2.99,4,4,brand name,short description,description,0,100,10,1,Phone Model X1112,Phone Model X1 keyword,Phone Model X1 desc,us1113
myproduct1114,myproduct1114,4,1,501,2.99,4,4,brand name,short description,description,0,100,10,1,Phone Model X1113,Phone Model X1 keyword,Phone Model X1 desc,us1114
myproduct1115,myproduct1115,4,1,501,2.99,4,4,brand name,short description,description,0,100,10,1,Phone Model X1114,Phone Model X1 keyword,Phone Model X1 desc,us1115
myproduct1116,myproduct1116,4,1,501,2.99,4,4,brand name,short description,description,0,100,10,1,Phone Model X1115,Phone Model X1 keyword,Phone Model X1 desc,us1116
myproduct1117,myproduct1117,4,1,501,2.99,4,4,brand name,short description,description,0,100,10,1,Phone Model X1116,Phone Model X1 keyword,Phone Model X1 desc,us1117
myproduct1118,myproduct1118,4,1,501,2.99,4,4,brand name,short description,description,0,100,10,1,Phone Model X1117,Phone Model X1 keyword,Phone Model X1 desc,us1118
myproduct1119,myproduct1119,4,1,501,2.99,4,4,brand name,short description,description,0,100,10,1,Phone Model X1118,Phone Model X1 keyword,Phone Model X1 desc,us1119
myproduct1120,myproduct1120,4,1,501,2.99,4,4,brand name,short description,description,0,100,10,1,Phone Model X1119,Phone Model X1 keyword,Phone Model X1 desc,us1120
myproduct1121,myproduct1121,4,1,501,2.99,4,4,brand name,short description,description,0,100,10,1,Phone Model X1120,Phone Model X1 keyword,Phone Model X1 desc,us1121
myproduct1122,myproduct1122,4,1,501,2.99,4,4,brand name,short description,description,0,100,10,1,Phone Model X1121,Phone Model X1 keyword,Phone Model X1 desc,us1122
myproduct1123,myproduct1123,4,1,501,2.99,4,4,brand name,short description,description,0,100,10,1,Phone Model X1122,Phone Model X1 keyword,Phone Model X1 desc,us1123
myproduct1124,myproduct1124,4,1,501,2.99,4,4,brand name,short description,description,0,100,10,1,Phone Model X1123,Phone Model X1 keyword,Phone Model X1 desc,us1124
myproduct1125,myproduct1125,4,1,501,2.99,4,4,brand name,short description,description,0,100,10,1,Phone Model X1124,Phone Model X1 keyword,Phone Model X1 desc,us1125
myproduct1126,myproduct1126,4,1,501,2.99,4,4,brand name,short description,description,0,100,10,1,Phone Model X1125,Phone Model X1 keyword,Phone Model X1 desc,us1126
myproduct1127,myproduct1127,4,1,501,2.99,4,4,brand name,short description,description,0,100,10,1,Phone Model X1126,Phone Model X1 keyword,Phone Model X1 desc,us1127
myproduct1128,myproduct1128,4,1,501,2.99,4,4,brand name,short description,description,0,100,10,1,Phone Model X1127,Phone Model X1 keyword,Phone Model X1 desc,us1128
myproduct1129,myproduct1129,4,1,501,2.99,4,4,brand name,short description,description,0,100,10,1,Phone Model X1128,Phone Model X1 keyword,Phone Model X1 desc,us1129
myproduct1130,myproduct1130,4,1,501,2.99,4,4,brand name,short description,description,0,100,10,1,Phone Model X1129,Phone Model X1 keyword,Phone Model X1 desc,us1130
myproduct1131,myproduct1131,4,1,501,2.99,4,4,brand name,short description,description,0,100,10,1,Phone Model X1130,Phone Model X1 keyword,Phone Model X1 desc,us1131
myproduct1132,myproduct1132,4,1,501,2.99,4,4,brand name,short description,description,0,100,10,1,Phone Model X1131,Phone Model X1 keyword,Phone Model X1 desc,us1132
myproduct1133,myproduct1133,4,1,501,2.99,4,4,brand name,short description,description,0,100,10,1,Phone Model X1132,Phone Model X1 keyword,Phone Model X1 desc,us1133
myproduct1134,myproduct1134,4,1,501,2.99,4,4,brand name,short description,description,0,100,10,1,Phone Model X1133,Phone Model X1 keyword,Phone Model X1 desc,us1134
myproduct1135,myproduct1135,4,1,501,2.99,4,4,brand name,short description,description,0,100,10,1,Phone Model X1134,Phone Model X1 keyword,Phone Model X1 desc,us1135
myproduct1136,myproduct1136,4,1,501,2.99,4,4,brand name,short description,description,0,100,10,1,Phone Model X1135,Phone Model X1 keyword,Phone Model X1 desc,us1136
myproduct1137,myproduct1137,4,1,501,2.99,4,4,brand name,short description,description,0,100,10,1,Phone Model X1136,Phone Model X1 keyword,Phone Model X1 desc,us1137
myproduct1138,myproduct1138,4,1,501,2.99,4,4,brand name,short description,description,0,100,10,1,Phone Model X1137,Phone Model X1 keyword,Phone Model X1 desc,us1138
myproduct1139,myproduct1139,4,1,501,2.99,4,4,brand name,short description,description,0,100,10,1,Phone Model X1138,Phone Model X1 keyword,Phone Model X1 desc,us1139
myproduct1140,myproduct1140,4,1,501,2.99,4,4,brand name,short description,description,0,100,10,1,Phone Model X1139,Phone Model X1 keyword,Phone Model X1 desc,us1140
myproduct1141,myproduct1141,4,1,501,2.99,4,4,brand name,short description,description,0,100,10,1,Phone Model X1140,Phone Model X1 keyword,Phone Model X1 desc,us1141
myproduct1142,myproduct1142,4,1,501,2.99,4,4,brand name,short description,description,0,100,10,1,Phone Model X1141,Phone Model X1 keyword,Phone Model X1 desc,us1142
myproduct1143,myproduct1143,4,1,501,2.99,4,4,brand name,short description,description,0,100,10,1,Phone Model X1142,Phone Model X1 keyword,Phone Model X1 desc,us1143
myproduct1144,myproduct1144,4,1,501,2.99,4,4,brand name,short description,description,0,100,10,1,Phone Model X1143,Phone Model X1 keyword,Phone Model X1 desc,us1144
myproduct1145,myproduct1145,4,1,501,2.99,4,4,brand name,short description,description,0,100,10,1,Phone Model X1144,Phone Model X1 keyword,Phone Model X1 desc,us1145
myproduct1146,myproduct1146,4,1,501,2.99,4,4,brand name,short description,description,0,100,10,1,Phone Model X1145,Phone Model X1 keyword,Phone Model X1 desc,us1146
myproduct1147,myproduct1147,4,1,501,2.99,4,4,brand name,short description,description,0,100,10,1,Phone Model X1146,Phone Model X1 keyword,Phone Model X1 desc,us1147
myproduct1148,myproduct1148,4,1,501,2.99,4,4,brand name,short description,description,0,100,10,1,Phone Model X1147,Phone Model X1 keyword,Phone Model X1 desc,us1148
myproduct1149,myproduct1149,4,1,501,2.99,4,4,brand name,short description,description,0,100,10,1,Phone Model X1148,Phone Model X1 keyword,Phone Model X1 desc,us1149
myproduct1150,myproduct1150,4,1,501,2.99,4,4,brand name,short description,description,0,100,10,1,Phone Model X1149,Phone Model X1 keyword,Phone Model X1 desc,us1150
myproduct1151,myproduct1151,4,1,501,2.99,4,4,brand name,short description,description,0,100,10,1,Phone Model X1150,Phone Model X1 keyword,Phone Model X1 desc,us1151
myproduct1152,myproduct1152,4,1,501,2.99,4,4,brand name,short description,description,0,100,10,1,Phone Model X1151,Phone Model X1 keyword,Phone Model X1 desc,us1152
myproduct1153,myproduct1153,4,1,501,2.99,4,4,brand name,short description,description,0,100,10,1,Phone Model X1152,Phone Model X1 keyword,Phone Model X1 desc,us1153
myproduct1154,myproduct1154,4,1,501,2.99,4,4,brand name,short description,description,0,100,10,1,Phone Model X1153,Phone Model X1 keyword,Phone Model X1 desc,us1154
myproduct1155,myproduct1155,4,1,501,2.99,4,4,brand name,short description,description,0,100,10,1,Phone Model X1154,Phone Model X1 keyword,Phone Model X1 desc,us1155
myproduct1156,myproduct1156,4,1,501,2.99,4,4,brand name,short description,description,0,100,10,1,Phone Model X1155,Phone Model X1 keyword,Phone Model X1 desc,us1156
myproduct1157,myproduct1157,4,1,501,2.99,4,4,brand name,short description,description,0,100,10,1,Phone Model X1156,Phone Model X1 keyword,Phone Model X1 desc,us1157
myproduct1158,myproduct1158,4,1,501,2.99,4,4,brand name,short description,description,0,100,10,1,Phone Model X1157,Phone Model X1 keyword,Phone Model X1 desc,us1158
myproduct1159,myproduct1159,4,1,501,2.99,4,4,brand name,short description,description,0,100,10,1,Phone Model X1158,Phone Model X1 keyword,Phone Model X1 desc,us1159
myproduct1160,myproduct1160,4,1,501,2.99,4,4,brand name,short description,description,0,100,10,1,Phone Model X1159,Phone Model X1 keyword,Phone Model X1 desc,us1160
myproduct1161,myproduct1161,4,1,501,2.99,4,4,brand name,short description,description,0,100,10,1,Phone Model X1160,Phone Model X1 keyword,Phone Model X1 desc,us1161
myproduct1162,myproduct1162,4,1,501,2.99,4,4,brand name,short description,description,0,100,10,1,Phone Model X1161,Phone Model X1 keyword,Phone Model X1 desc,us1162
myproduct1163,myproduct1163,4,1,501,2.99,4,4,brand name,short description,description,0,100,10,1,Phone Model X1162,Phone Model X1 keyword,Phone Model X1 desc,us1163
myproduct1164,myproduct1164,4,1,501,2.99,4,4,brand name,short description,description,0,100,10,1,Phone Model X1163,Phone Model X1 keyword,Phone Model X1 desc,us1164
myproduct1165,myproduct1165,4,1,501,2.99,4,4,brand name,short description,description,0,100,10,1,Phone Model X1164,Phone Model X1 keyword,Phone Model X1 desc,us1165
myproduct1166,myproduct1166,4,1,501,2.99,4,4,brand name,short description,description,0,100,10,1,Phone Model X1165,Phone Model X1 keyword,Phone Model X1 desc,us1166
myproduct1167,myproduct1167,4,1,501,2.99,4,4,brand name,short description,description,0,100,10,1,Phone Model X1166,Phone Model X1 keyword,Phone Model X1 desc,us1167
myproduct1168,myproduct1168,4,1,501,2.99,4,4,brand name,short description,description,0,100,10,1,Phone Model X1167,Phone Model X1 keyword,Phone Model X1 desc,us1168
myproduct1169,myproduct1169,4,1,501,2.99,4,4,brand name,short description,description,0,100,10,1,Phone Model X1168,Phone Model X1 keyword,Phone Model X1 desc,us1169
myproduct1170,myproduct1170,4,1,501,2.99,4,4,brand name,short description,description,0,100,10,1,Phone Model X1169,Phone Model X1 keyword,Phone Model X1 desc,us1170
myproduct1171,myproduct1171,4,1,501,2.99,4,4,brand name,short description,description,0,100,10,1,Phone Model X1170,Phone Model X1 keyword,Phone Model X1 desc,us1171
myproduct1172,myproduct1172,4,1,501,2.99,4,4,brand name,short description,description,0,100,10,1,Phone Model X1171,Phone Model X1 keyword,Phone Model X1 desc,us1172
myproduct1173,myproduct1173,4,1,501,2.99,4,4,brand name,short description,description,0,100,10,1,Phone Model X1172,Phone Model X1 keyword,Phone Model X1 desc,us1173
myproduct1174,myproduct1174,4,1,501,2.99,4,4,brand name,short description,description,0,100,10,1,Phone Model X1173,Phone Model X1 keyword,Phone Model X1 desc,us1174
myproduct1175,myproduct1175,4,1,501,2.99,4,4,brand name,short description,description,0,100,10,1,Phone Model X1174,Phone Model X1 keyword,Phone Model X1 desc,us1175
myproduct1176,myproduct1176,4,1,501,2.99,4,4,brand name,short description,description,0,100,10,1,Phone Model X1175,Phone Model X1 keyword,Phone Model X1 desc,us1176
myproduct1177,myproduct1177,4,1,501,2.99,4,4,brand name,short description,description,0,100,10,1,Phone Model X1176,Phone Model X1 keyword,Phone Model X1 desc,us1177
myproduct1178,myproduct1178,4,1,501,2.99,4,4,brand name,short description,description,0,100,10,1,Phone Model X1177,Phone Model X1 keyword,Phone Model X1 desc,us1178
myproduct1179,myproduct1179,4,1,501,2.99,4,4,brand name,short description,description,0,100,10,1,Phone Model X1178,Phone Model X1 keyword,Phone Model X1 desc,us1179
myproduct1180,myproduct1180,4,1,501,2.99,4,4,brand name,short description,description,0,100,10,1,Phone Model X1179,Phone Model X1 keyword,Phone Model X1 desc,us1180
myproduct1181,myproduct1181,4,1,501,2.99,4,4,brand name,short description,description,0,100,10,1,Phone Model X1180,Phone Model X1 keyword,Phone Model X1 desc,us1181
myproduct1182,myproduct1182,4,1,501,2.99,4,4,brand name,short description,description,0,100,10,1,Phone Model X1181,Phone Model X1 keyword,Phone Model X1 desc,us1182
myproduct1183,myproduct1183,4,1,501,2.99,4,4,brand name,short description,description,0,100,10,1,Phone Model X1182,Phone Model X1 keyword,Phone Model X1 desc,us1183
myproduct1184,myproduct1184,4,1,501,2.99,4,4,brand name,short description,description,0,100,10,1,Phone Model X1183,Phone Model X1 keyword,Phone Model X1 desc,us1184
myproduct1185,myproduct1185,4,1,501,2.99,4,4,brand name,short description,description,0,100,10,1,Phone Model X1184,Phone Model X1 keyword,Phone Model X1 desc,us1185
myproduct1186,myproduct1186,4,1,501,2.99,4,4,brand name,short description,description,0,100,10,1,Phone Model X1185,Phone Model X1 keyword,Phone Model X1 desc,us1186
myproduct1187,myproduct1187,4,1,501,2.99,4,4,brand name,short description,description,0,100,10,1,Phone Model X1186,Phone Model X1 keyword,Phone Model X1 desc,us1187
myproduct1188,myproduct1188,4,1,501,2.99,4,4,brand name,short description,description,0,100,10,1,Phone Model X1187,Phone Model X1 keyword,Phone Model X1 desc,us1188
myproduct1189,myproduct1189,4,1,501,2.99,4,4,brand name,short description,description,0,100,10,1,Phone Model X1188,Phone Model X1 keyword,Phone Model X1 desc,us1189
myproduct1190,myproduct1190,4,1,501,2.99,4,4,brand name,short description,description,0,100,10,1,Phone Model X1189,Phone Model X1 keyword,Phone Model X1 desc,us1190
myproduct1191,myproduct1191,4,1,501,2.99,4,4,brand name,short description,description,0,100,10,1,Phone Model X1190,Phone Model X1 keyword,Phone Model X1 desc,us1191
myproduct1192,myproduct1192,4,1,501,2.99,4,4,brand name,short description,description,0,100,10,1,Phone Model X1191,Phone Model X1 keyword,Phone Model X1 desc,us1192
myproduct1193,myproduct1193,4,1,501,2.99,4,4,brand name,short description,description,0,100,10,1,Phone Model X1192,Phone Model X1 keyword,Phone Model X1 desc,us1193
myproduct1194,myproduct1194,4,1,501,2.99,4,4,brand name,short description,description,0,100,10,1,Phone Model X1193,Phone Model X1 keyword,Phone Model X1 desc,us1194
myproduct1195,myproduct1195,4,1,501,2.99,4,4,brand name,short description,description,0,100,10,1,Phone Model X1194,Phone Model X1 keyword,Phone Model X1 desc,us1195
myproduct1196,myproduct1196,4,1,501,2.99,4,4,brand name,short description,description,0,100,10,1,Phone Model X1195,Phone Model X1 keyword,Phone Model X1 desc,us1196
myproduct1197,myproduct1197,4,1,501,2.99,4,4,brand name,short description,description,0,100,10,1,Phone Model X1196,Phone Model X1 keyword,Phone Model X1 desc,us1197
myproduct1198,myproduct1198,4,1,501,2.99,4,4,brand name,short description,description,0,100,10,1,Phone Model X1197,Phone Model X1 keyword,Phone Model X1 desc,us1198
myproduct1199,myproduct1199,4,1,501,2.99,4,4,brand name,short description,description,0,100,10,1,Phone Model X1198,Phone Model X1 keyword,Phone Model X1 desc,us1199
myproduct1200,myproduct1200,4,1,501,2.99,4,4,brand name,short description,description,0,100,10,1,Phone Model X1199,Phone Model X1 keyword,Phone Model X1 desc,us1200
myproduct1201,myproduct1201,4,1,501,2.99,4,4,brand name,short description,description,0,100,10,1,Phone Model X1200,Phone Model X1 keyword,Phone Model X1 desc,us1201
myproduct1202,myproduct1202,4,1,501,2.99,4,4,brand name,short description,description,0,100,10,1,Phone Model X1201,Phone Model X1 keyword,Phone Model X1 desc,us1202
myproduct1203,myproduct1203,4,1,501,2.99,4,4,brand name,short description,description,0,100,10,1,Phone Model X1202,Phone Model X1 keyword,Phone Model X1 desc,us1203
myproduct1204,myproduct1204,4,1,501,2.99,4,4,brand name,short description,description,0,100,10,1,Phone Model X1203,Phone Model X1 keyword,Phone Model X1 desc,us1204
myproduct1205,myproduct1205,4,1,501,2.99,4,4,brand name,short description,description,0,100,10,1,Phone Model X1204,Phone Model X1 keyword,Phone Model X1 desc,us1205
myproduct1206,myproduct1206,4,1,501,2.99,4,4,brand name,short description,description,0,100,10,1,Phone Model X1205,Phone Model X1 keyword,Phone Model X1 desc,us1206
myproduct1207,myproduct1207,4,1,501,2.99,4,4,brand name,short description,description,0,100,10,1,Phone Model X1206,Phone Model X1 keyword,Phone Model X1 desc,us1207
myproduct1208,myproduct1208,4,1,501,2.99,4,4,brand name,short description,description,0,100,10,1,Phone Model X1207,Phone Model X1 keyword,Phone Model X1 desc,us1208
myproduct1209,myproduct1209,4,1,501,2.99,4,4,brand name,short description,description,0,100,10,1,Phone Model X1208,Phone Model X1 keyword,Phone Model X1 desc,us1209
myproduct1210,myproduct1210,4,1,501,2.99,4,4,brand name,short description,description,0,100,10,1,Phone Model X1209,Phone Model X1 keyword,Phone Model X1 desc,us1210
myproduct1211,myproduct1211,4,1,501,2.99,4,4,brand name,short description,description,0,100,10,1,Phone Model X1210,Phone Model X1 keyword,Phone Model X1 desc,us1211
myproduct1212,myproduct1212,4,1,501,2.99,4,4,brand name,short description,description,0,100,10,1,Phone Model X1211,Phone Model X1 keyword,Phone Model X1 desc,us1212
myproduct1213,myproduct1213,4,1,501,2.99,4,4,brand name,short description,description,0,100,10,1,Phone Model X1212,Phone Model X1 keyword,Phone Model X1 desc,us1213
myproduct1214,myproduct1214,4,1,501,2.99,4,4,brand name,short description,description,0,100,10,1,Phone Model X1213,Phone Model X1 keyword,Phone Model X1 desc,us1214
myproduct1215,myproduct1215,4,1,501,2.99,4,4,brand name,short description,description,0,100,10,1,Phone Model X1214,Phone Model X1 keyword,Phone Model X1 desc,us1215
myproduct1216,myproduct1216,4,1,501,2.99,4,4,brand name,short description,description,0,100,10,1,Phone Model X1215,Phone Model X1 keyword,Phone Model X1 desc,us1216
myproduct1217,myproduct1217,4,1,501,2.99,4,4,brand name,short description,description,0,100,10,1,Phone Model X1216,Phone Model X1 keyword,Phone Model X1 desc,us1217
myproduct1218,myproduct1218,4,1,501,2.99,4,4,brand name,short description,description,0,100,10,1,Phone Model X1217,Phone Model X1 keyword,Phone Model X1 desc,us1218
myproduct1219,myproduct1219,4,1,501,2.99,4,4,brand name,short description,description,0,100,10,1,Phone Model X1218,Phone Model X1 keyword,Phone Model X1 desc,us1219
myproduct1220,myproduct1220,4,1,501,2.99,4,4,brand name,short description,description,0,100,10,1,Phone Model X1219,Phone Model X1 keyword,Phone Model X1 desc,us1220
myproduct1221,myproduct1221,4,1,501,2.99,4,4,brand name,short description,description,0,100,10,1,Phone Model X1220,Phone Model X1 keyword,Phone Model X1 desc,us1221
myproduct1222,myproduct1222,4,1,501,2.99,4,4,brand name,short description,description,0,100,10,1,Phone Model X1221,Phone Model X1 keyword,Phone Model X1 desc,us1222
myproduct1223,myproduct1223,4,1,501,2.99,4,4,brand name,short description,description,0,100,10,1,Phone Model X1222,Phone Model X1 keyword,Phone Model X1 desc,us1223
myproduct1224,myproduct1224,4,1,501,2.99,4,4,brand name,short description,description,0,100,10,1,Phone Model X1223,Phone Model X1 keyword,Phone Model X1 desc,us1224
myproduct1225,myproduct1225,4,1,501,2.99,4,4,brand name,short description,description,0,100,10,1,Phone Model X1224,Phone Model X1 keyword,Phone Model X1 desc,us1225
myproduct1226,myproduct1226,4,1,501,2.99,4,4,brand name,short description,description,0,100,10,1,Phone Model X1225,Phone Model X1 keyword,Phone Model X1 desc,us1226
myproduct1227,myproduct1227,4,1,501,2.99,4,4,brand name,short description,description,0,100,10,1,Phone Model X1226,Phone Model X1 keyword,Phone Model X1 desc,us1227
myproduct1228,myproduct1228,4,1,501,2.99,4,4,brand name,short description,description,0,100,10,1,Phone Model X1227,Phone Model X1 keyword,Phone Model X1 desc,us1228
myproduct1229,myproduct1229,4,1,501,2.99,4,4,brand name,short description,description,0,100,10,1,Phone Model X1228,Phone Model X1 keyword,Phone Model X1 desc,us1229
myproduct1230,myproduct1230,4,1,501,2.99,4,4,brand name,short description,description,0,100,10,1,Phone Model X1229,Phone Model X1 keyword,Phone Model X1 desc,us1230
myproduct1231,myproduct1231,4,1,501,2.99,4,4,brand name,short description,description,0,100,10,1,Phone Model X1230,Phone Model X1 keyword,Phone Model X1 desc,us1231
myproduct1232,myproduct1232,4,1,501,2.99,4,4,brand name,short description,description,0,100,10,1,Phone Model X1231,Phone Model X1 keyword,Phone Model X1 desc,us1232
myproduct1233,myproduct1233,4,1,501,2.99,4,4,brand name,short description,description,0,100,10,1,Phone Model X1232,Phone Model X1 keyword,Phone Model X1 desc,us1233
myproduct1234,myproduct1234,4,1,501,2.99,4,4,brand name,short description,description,0,100,10,1,Phone Model X1233,Phone Model X1 keyword,Phone Model X1 desc,us1234
myproduct1235,myproduct1235,4,1,501,2.99,4,4,brand name,short description,description,0,100,10,1,Phone Model X1234,Phone Model X1 keyword,Phone Model X1 desc,us1235
myproduct1236,myproduct1236,4,1,501,2.99,4,4,brand name,short description,description,0,100,10,1,Phone Model X1235,Phone Model X1 keyword,Phone Model X1 desc,us1236
myproduct1237,myproduct1237,4,1,501,2.99,4,4,brand name,short description,description,0,100,10,1,Phone Model X1236,Phone Model X1 keyword,Phone Model X1 desc,us1237
myproduct1238,myproduct1238,4,1,501,2.99,4,4,brand name,short description,description,0,100,10,1,Phone Model X1237,Phone Model X1 keyword,Phone Model X1 desc,us1238
myproduct1239,myproduct1239,4,1,501,2.99,4,4,brand name,short description,description,0,100,10,1,Phone Model X1238,Phone Model X1 keyword,Phone Model X1 desc,us1239
myproduct1240,myproduct1240,4,1,501,2.99,4,4,brand name,short description,description,0,100,10,1,Phone Model X1239,Phone Model X1 keyword,Phone Model X1 desc,us1240
myproduct1241,myproduct1241,4,1,501,2.99,4,4,brand name,short description,description,0,100,10,1,Phone Model X1240,Phone Model X1 keyword,Phone Model X1 desc,us1241
myproduct1242,myproduct1242,4,1,501,2.99,4,4,brand name,short description,description,0,100,10,1,Phone Model X1241,Phone Model X1 keyword,Phone Model X1 desc,us1242
myproduct1243,myproduct1243,4,1,501,2.99,4,4,brand name,short description,description,0,100,10,1,Phone Model X1242,Phone Model X1 keyword,Phone Model X1 desc,us1243
myproduct1244,myproduct1244,4,1,501,2.99,4,4,brand name,short description,description,0,100,10,1,Phone Model X1243,Phone Model X1 keyword,Phone Model X1 desc,us1244
myproduct1245,myproduct1245,4,1,501,2.99,4,4,brand name,short description,description,0,100,10,1,Phone Model X1244,Phone Model X1 keyword,Phone Model X1 desc,us1245
myproduct1246,myproduct1246,4,1,501,2.99,4,4,brand name,short description,description,0,100,10,1,Phone Model X1245,Phone Model X1 keyword,Phone Model X1 desc,us1246
myproduct1247,myproduct1247,4,1,501,2.99,4,4,brand name,short description,description,0,100,10,1,Phone Model X1246,Phone Model X1 keyword,Phone Model X1 desc,us1247
myproduct1248,myproduct1248,4,1,501,2.99,4,4,brand name,short description,description,0,100,10,1,Phone Model X1247,Phone Model X1 keyword,Phone Model X1 desc,us1248
myproduct1249,myproduct1249,4,1,501,2.99,4,4,brand name,short description,description,0,100,10,1,Phone Model X1248,Phone Model X1 keyword,Phone Model X1 desc,us1249
myproduct1250,myproduct1250,4,1,501,2.99,4,4,brand name,short description,description,0,100,10,1,Phone Model X1249,Phone Model X1 keyword,Phone Model X1 desc,us1250
myproduct1251,myproduct1251,4,1,501,2.99,4,4,brand name,short description,description,0,100,10,1,Phone Model X1250,Phone Model X1 keyword,Phone Model X1 desc,us1251
myproduct1252,myproduct1252,4,1,501,2.99,4,4,brand name,short description,description,0,100,10,1,Phone Model X1251,Phone Model X1 keyword,Phone Model X1 desc,us1252
myproduct1253,myproduct1253,4,1,501,2.99,4,4,brand name,short description,description,0,100,10,1,Phone Model X1252,Phone Model X1 keyword,Phone Model X1 desc,us1253
myproduct1254,myproduct1254,4,1,501,2.99,4,4,brand name,short description,description,0,100,10,1,Phone Model X1253,Phone Model X1 keyword,Phone Model X1 desc,us1254
myproduct1255,myproduct1255,4,1,501,2.99,4,4,brand name,short description,description,0,100,10,1,Phone Model X1254,Phone Model X1 keyword,Phone Model X1 desc,us1255
myproduct1256,myproduct1256,4,1,501,2.99,4,4,brand name,short description,description,0,100,10,1,Phone Model X1255,Phone Model X1 keyword,Phone Model X1 desc,us1256
myproduct1257,myproduct1257,4,1,501,2.99,4,4,brand name,short description,description,0,100,10,1,Phone Model X1256,Phone Model X1 keyword,Phone Model X1 desc,us1257
myproduct1258,myproduct1258,4,1,501,2.99,4,4,brand name,short description,description,0,100,10,1,Phone Model X1257,Phone Model X1 keyword,Phone Model X1 desc,us1258
myproduct1259,myproduct1259,4,1,501,2.99,4,4,brand name,short description,description,0,100,10,1,Phone Model X1258,Phone Model X1 keyword,Phone Model X1 desc,us1259
myproduct1260,myproduct1260,4,1,501,2.99,4,4,brand name,short description,description,0,100,10,1,Phone Model X1259,Phone Model X1 keyword,Phone Model X1 desc,us1260
myproduct1261,myproduct1261,4,1,501,2.99,4,4,brand name,short description,description,0,100,10,1,Phone Model X1260,Phone Model X1 keyword,Phone Model X1 desc,us1261
myproduct1262,myproduct1262,4,1,501,2.99,4,4,brand name,short description,description,0,100,10,1,Phone Model X1261,Phone Model X1 keyword,Phone Model X1 desc,us1262
myproduct1263,myproduct1263,4,1,501,2.99,4,4,brand name,short description,description,0,100,10,1,Phone Model X1262,Phone Model X1 keyword,Phone Model X1 desc,us1263
myproduct1264,myproduct1264,4,1,501,2.99,4,4,brand name,short description,description,0,100,10,1,Phone Model X1263,Phone Model X1 keyword,Phone Model X1 desc,us1264
myproduct1265,myproduct1265,4,1,501,2.99,4,4,brand name,short description,description,0,100,10,1,Phone Model X1264,Phone Model X1 keyword,Phone Model X1 desc,us1265
myproduct1266,myproduct1266,4,1,501,2.99,4,4,brand name,short description,description,0,100,10,1,Phone Model X1265,Phone Model X1 keyword,Phone Model X1 desc,us1266
myproduct1267,myproduct1267,4,1,501,2.99,4,4,brand name,short description,description,0,100,10,1,Phone Model X1266,Phone Model X1 keyword,Phone Model X1 desc,us1267
myproduct1268,myproduct1268,4,1,501,2.99,4,4,brand name,short description,description,0,100,10,1,Phone Model X1267,Phone Model X1 keyword,Phone Model X1 desc,us1268
myproduct1269,myproduct1269,4,1,501,2.99,4,4,brand name,short description,description,0,100,10,1,Phone Model X1268,Phone Model X1 keyword,Phone Model X1 desc,us1269
myproduct1270,myproduct1270,4,1,501,2.99,4,4,brand name,short description,description,0,100,10,1,Phone Model X1269,Phone Model X1 keyword,Phone Model X1 desc,us1270
myproduct1271,myproduct1271,4,1,501,2.99,4,4,brand name,short description,description,0,100,10,1,Phone Model X1270,Phone Model X1 keyword,Phone Model X1 desc,us1271
myproduct1272,myproduct1272,4,1,501,2.99,4,4,brand name,short description,description,0,100,10,1,Phone Model X1271,Phone Model X1 keyword,Phone Model X1 desc,us1272
myproduct1273,myproduct1273,4,1,501,2.99,4,4,brand name,short description,description,0,100,10,1,Phone Model X1272,Phone Model X1 keyword,Phone Model X1 desc,us1273
myproduct1274,myproduct1274,4,1,501,2.99,4,4,brand name,short description,description,0,100,10,1,Phone Model X1273,Phone Model X1 keyword,Phone Model X1 desc,us1274
myproduct1275,myproduct1275,4,1,501,2.99,4,4,brand name,short description,description,0,100,10,1,Phone Model X1274,Phone Model X1 keyword,Phone Model X1 desc,us1275
myproduct1276,myproduct1276,4,1,501,2.99,4,4,brand name,short description,description,0,100,10,1,Phone Model X1275,Phone Model X1 keyword,Phone Model X1 desc,us1276
myproduct1277,myproduct1277,4,1,501,2.99,4,4,brand name,short description,description,0,100,10,1,Phone Model X1276,Phone Model X1 keyword,Phone Model X1 desc,us1277
myproduct1278,myproduct1278,4,1,501,2.99,4,4,brand name,short description,description,0,100,10,1,Phone Model X1277,Phone Model X1 keyword,Phone Model X1 desc,us1278
myproduct1279,myproduct1279,4,1,501,2.99,4,4,brand name,short description,description,0,100,10,1,Phone Model X1278,Phone Model X1 keyword,Phone Model X1 desc,us1279
myproduct1280,myproduct1280,4,1,501,2.99,4,4,brand name,short description,description,0,100,10,1,Phone Model X1279,Phone Model X1 keyword,Phone Model X1 desc,us1280
myproduct1281,myproduct1281,4,1,501,2.99,4,4,brand name,short description,description,0,100,10,1,Phone Model X1280,Phone Model X1 keyword,Phone Model X1 desc,us1281
myproduct1282,myproduct1282,4,1,501,2.99,4,4,brand name,short description,description,0,100,10,1,Phone Model X1281,Phone Model X1 keyword,Phone Model X1 desc,us1282
myproduct1283,myproduct1283,4,1,501,2.99,4,4,brand name,short description,description,0,100,10,1,Phone Model X1282,Phone Model X1 keyword,Phone Model X1 desc,us1283
myproduct1284,myproduct1284,4,1,501,2.99,4,4,brand name,short description,description,0,100,10,1,Phone Model X1283,Phone Model X1 keyword,Phone Model X1 desc,us1284
myproduct1285,myproduct1285,4,1,501,2.99,4,4,brand name,short description,description,0,100,10,1,Phone Model X1284,Phone Model X1 keyword,Phone Model X1 desc,us1285
myproduct1286,myproduct1286,4,1,501,2.99,4,4,brand name,short description,description,0,100,10,1,Phone Model X1285,Phone Model X1 keyword,Phone Model X1 desc,us1286
myproduct1287,myproduct1287,4,1,501,2.99,4,4,brand name,short description,description,0,100,10,1,Phone Model X1286,Phone Model X1 keyword,Phone Model X1 desc,us1287
myproduct1288,myproduct1288,4,1,501,2.99,4,4,brand name,short description,description,0,100,10,1,Phone Model X1287,Phone Model X1 keyword,Phone Model X1 desc,us1288
myproduct1289,myproduct1289,4,1,501,2.99,4,4,brand name,short description,description,0,100,10,1,Phone Model X1288,Phone Model X1 keyword,Phone Model X1 desc,us1289
myproduct1290,myproduct1290,4,1,501,2.99,4,4,brand name,short description,description,0,100,10,1,Phone Model X1289,Phone Model X1 keyword,Phone Model X1 desc,us1290
myproduct1291,myproduct1291,4,1,501,2.99,4,4,brand name,short description,description,0,100,10,1,Phone Model X1290,Phone Model X1 keyword,Phone Model X1 desc,us1291
myproduct1292,myproduct1292,4,1,501,2.99,4,4,brand name,short description,description,0,100,10,1,Phone Model X1291,Phone Model X1 keyword,Phone Model X1 desc,us1292
myproduct1293,myproduct1293,4,1,501,2.99,4,4,brand name,short description,description,0,100,10,1,Phone Model X1292,Phone Model X1 keyword,Phone Model X1 desc,us1293
myproduct1294,myproduct1294,4,1,501,2.99,4,4,brand name,short description,description,0,100,10,1,Phone Model X1293,Phone Model X1 keyword,Phone Model X1 desc,us1294
myproduct1295,myproduct1295,4,1,501,2.99,4,4,brand name,short description,description,0,100,10,1,Phone Model X1294,Phone Model X1 keyword,Phone Model X1 desc,us1295
myproduct1296,myproduct1296,4,1,501,2.99,4,4,brand name,short description,description,0,100,10,1,Phone Model X1295,Phone Model X1 keyword,Phone Model X1 desc,us1296
myproduct1297,myproduct1297,4,1,501,2.99,4,4,brand name,short description,description,0,100,10,1,Phone Model X1296,Phone Model X1 keyword,Phone Model X1 desc,us1297
myproduct1298,myproduct1298,4,1,501,2.99,4,4,brand name,short description,description,0,100,10,1,Phone Model X1297,Phone Model X1 keyword,Phone Model X1 desc,us1298
myproduct1299,myproduct1299,4,1,501,2.99,4,4,brand name,short description,description,0,100,10,1,Phone Model X1298,Phone Model X1 keyword,Phone Model X1 desc,us1299
myproduct1300,myproduct1300,4,1,501,2.99,4,4,brand name,short description,description,0,100,10,1,Phone Model X1299,Phone Model X1 keyword,Phone Model X1 desc,us1300
myproduct1301,myproduct1301,4,1,501,2.99,4,4,brand name,short description,description,0,100,10,1,Phone Model X1300,Phone Model X1 keyword,Phone Model X1 desc,us1301
myproduct1302,myproduct1302,4,1,501,2.99,4,4,brand name,short description,description,0,100,10,1,Phone Model X1301,Phone Model X1 keyword,Phone Model X1 desc,us1302
myproduct1303,myproduct1303,4,1,501,2.99,4,4,brand name,short description,description,0,100,10,1,Phone Model X1302,Phone Model X1 keyword,Phone Model X1 desc,us1303
myproduct1304,myproduct1304,4,1,501,2.99,4,4,brand name,short description,description,0,100,10,1,Phone Model X1303,Phone Model X1 keyword,Phone Model X1 desc,us1304
myproduct1305,myproduct1305,4,1,501,2.99,4,4,brand name,short description,description,0,100,10,1,Phone Model X1304,Phone Model X1 keyword,Phone Model X1 desc,us1305
myproduct1306,myproduct1306,4,1,501,2.99,4,4,brand name,short description,description,0,100,10,1,Phone Model X1305,Phone Model X1 keyword,Phone Model X1 desc,us1306
myproduct1307,myproduct1307,4,1,501,2.99,4,4,brand name,short description,description,0,100,10,1,Phone Model X1306,Phone Model X1 keyword,Phone Model X1 desc,us1307
myproduct1308,myproduct1308,4,1,501,2.99,4,4,brand name,short description,description,0,100,10,1,Phone Model X1307,Phone Model X1 keyword,Phone Model X1 desc,us1308
myproduct1309,myproduct1309,4,1,501,2.99,4,4,brand name,short description,description,0,100,10,1,Phone Model X1308,Phone Model X1 keyword,Phone Model X1 desc,us1309
myproduct1310,myproduct1310,4,1,501,2.99,4,4,brand name,short description,description,0,100,10,1,Phone Model X1309,Phone Model X1 keyword,Phone Model X1 desc,us1310
myproduct1311,myproduct1311,4,1,501,2.99,4,4,brand name,short description,description,0,100,10,1,Phone Model X1310,Phone Model X1 keyword,Phone Model X1 desc,us1311
myproduct1312,myproduct1312,4,1,501,2.99,4,4,brand name,short description,description,0,100,10,1,Phone Model X1311,Phone Model X1 keyword,Phone Model X1 desc,us1312
myproduct1313,myproduct1313,4,1,501,2.99,4,4,brand name,short description,description,0,100,10,1,Phone Model X1312,Phone Model X1 keyword,Phone Model X1 desc,us1313
myproduct1314,myproduct1314,4,1,501,2.99,4,4,brand name,short description,description,0,100,10,1,Phone Model X1313,Phone Model X1 keyword,Phone Model X1 desc,us1314
myproduct1315,myproduct1315,4,1,501,2.99,4,4,brand name,short description,description,0,100,10,1,Phone Model X1314,Phone Model X1 keyword,Phone Model X1 desc,us1315
myproduct1316,myproduct1316,4,1,501,2.99,4,4,brand name,short description,description,0,100,10,1,Phone Model X1315,Phone Model X1 keyword,Phone Model X1 desc,us1316
myproduct1317,myproduct1317,4,1,501,2.99,4,4,brand name,short description,description,0,100,10,1,Phone Model X1316,Phone Model X1 keyword,Phone Model X1 desc,us1317
myproduct1318,myproduct1318,4,1,501,2.99,4,4,brand name,short description,description,0,100,10,1,Phone Model X1317,Phone Model X1 keyword,Phone Model X1 desc,us1318
myproduct1319,myproduct1319,4,1,501,2.99,4,4,brand name,short description,description,0,100,10,1,Phone Model X1318,Phone Model X1 keyword,Phone Model X1 desc,us1319
myproduct1320,myproduct1320,4,1,501,2.99,4,4,brand name,short description,description,0,100,10,1,Phone Model X1319,Phone Model X1 keyword,Phone Model X1 desc,us1320
myproduct1321,myproduct1321,4,1,501,2.99,4,4,brand name,short description,description,0,100,10,1,Phone Model X1320,Phone Model X1 keyword,Phone Model X1 desc,us1321
myproduct1322,myproduct1322,4,1,501,2.99,4,4,brand name,short description,description,0,100,10,1,Phone Model X1321,Phone Model X1 keyword,Phone Model X1 desc,us1322
myproduct1323,myproduct1323,4,1,501,2.99,4,4,brand name,short description,description,0,100,10,1,Phone Model X1322,Phone Model X1 keyword,Phone Model X1 desc,us1323
myproduct1324,myproduct1324,4,1,501,2.99,4,4,brand name,short description,description,0,100,10,1,Phone Model X1323,Phone Model X1 keyword,Phone Model X1 desc,us1324
myproduct1325,myproduct1325,4,1,501,2.99,4,4,brand name,short description,description,0,100,10,1,Phone Model X1324,Phone Model X1 keyword,Phone Model X1 desc,us1325
myproduct1326,myproduct1326,4,1,501,2.99,4,4,brand name,short description,description,0,100,10,1,Phone Model X1325,Phone Model X1 keyword,Phone Model X1 desc,us1326
myproduct1327,myproduct1327,4,1,501,2.99,4,4,brand name,short description,description,0,100,10,1,Phone Model X1326,Phone Model X1 keyword,Phone Model X1 desc,us1327
myproduct1328,myproduct1328,4,1,501,2.99,4,4,brand name,short description,description,0,100,10,1,Phone Model X1327,Phone Model X1 keyword,Phone Model X1 desc,us1328
myproduct1329,myproduct1329,4,1,501,2.99,4,4,brand name,short description,description,0,100,10,1,Phone Model X1328,Phone Model X1 keyword,Phone Model X1 desc,us1329
myproduct1330,myproduct1330,4,1,501,2.99,4,4,brand name,short description,description,0,100,10,1,Phone Model X1329,Phone Model X1 keyword,Phone Model X1 desc,us1330
myproduct1331,myproduct1331,4,1,501,2.99,4,4,brand name,short description,description,0,100,10,1,Phone Model X1330,Phone Model X1 keyword,Phone Model X1 desc,us1331
myproduct1332,myproduct1332,4,1,501,2.99,4,4,brand name,short description,description,0,100,10,1,Phone Model X1331,Phone Model X1 keyword,Phone Model X1 desc,us1332
myproduct1333,myproduct1333,4,1,501,2.99,4,4,brand name,short description,description,0,100,10,1,Phone Model X1332,Phone Model X1 keyword,Phone Model X1 desc,us1333
myproduct1334,myproduct1334,4,1,501,2.99,4,4,brand name,short description,description,0,100,10,1,Phone Model X1333,Phone Model X1 keyword,Phone Model X1 desc,us1334
myproduct1335,myproduct1335,4,1,501,2.99,4,4,brand name,short description,description,0,100,10,1,Phone Model X1334,Phone Model X1 keyword,Phone Model X1 desc,us1335
myproduct1336,myproduct1336,4,1,501,2.99,4,4,brand name,short description,description,0,100,10,1,Phone Model X1335,Phone Model X1 keyword,Phone Model X1 desc,us1336
myproduct1337,myproduct1337,4,1,501,2.99,4,4,brand name,short description,description,0,100,10,1,Phone Model X1336,Phone Model X1 keyword,Phone Model X1 desc,us1337
myproduct1338,myproduct1338,4,1,501,2.99,4,4,brand name,short description,description,0,100,10,1,Phone Model X1337,Phone Model X1 keyword,Phone Model X1 desc,us1338
myproduct1339,myproduct1339,4,1,501,2.99,4,4,brand name,short description,description,0,100,10,1,Phone Model X1338,Phone Model X1 keyword,Phone Model X1 desc,us1339
myproduct1340,myproduct1340,4,1,501,2.99,4,4,brand name,short description,description,0,100,10,1,Phone Model X1339,Phone Model X1 keyword,Phone Model X1 desc,us1340
myproduct1341,myproduct1341,4,1,501,2.99,4,4,brand name,short description,description,0,100,10,1,Phone Model X1340,Phone Model X1 keyword,Phone Model X1 desc,us1341
myproduct1342,myproduct1342,4,1,501,2.99,4,4,brand name,short description,description,0,100,10,1,Phone Model X1341,Phone Model X1 keyword,Phone Model X1 desc,us1342
myproduct1343,myproduct1343,4,1,501,2.99,4,4,brand name,short description,description,0,100,10,1,Phone Model X1342,Phone Model X1 keyword,Phone Model X1 desc,us1343
myproduct1344,myproduct1344,4,1,501,2.99,4,4,brand name,short description,description,0,100,10,1,Phone Model X1343,Phone Model X1 keyword,Phone Model X1 desc,us1344
myproduct1345,myproduct1345,4,1,501,2.99,4,4,brand name,short description,description,0,100,10,1,Phone Model X1344,Phone Model X1 keyword,Phone Model X1 desc,us1345
myproduct1346,myproduct1346,4,1,501,2.99,4,4,brand name,short description,description,0,100,10,1,Phone Model X1345,Phone Model X1 keyword,Phone Model X1 desc,us1346
myproduct1347,myproduct1347,4,1,501,2.99,4,4,brand name,short description,description,0,100,10,1,Phone Model X1346,Phone Model X1 keyword,Phone Model X1 desc,us1347
myproduct1348,myproduct1348,4,1,501,2.99,4,4,brand name,short description,description,0,100,10,1,Phone Model X1347,Phone Model X1 keyword,Phone Model X1 desc,us1348
myproduct1349,myproduct1349,4,1,501,2.99,4,4,brand name,short description,description,0,100,10,1,Phone Model X1348,Phone Model X1 keyword,Phone Model X1 desc,us1349
myproduct1350,myproduct1350,4,1,501,2.99,4,4,brand name,short description,description,0,100,10,1,Phone Model X1349,Phone Model X1 keyword,Phone Model X1 desc,us1350
myproduct1351,myproduct1351,4,1,501,2.99,4,4,brand name,short description,description,0,100,10,1,Phone Model X1350,Phone Model X1 keyword,Phone Model X1 desc,us1351
myproduct1352,myproduct1352,4,1,501,2.99,4,4,brand name,short description,description,0,100,10,1,Phone Model X1351,Phone Model X1 keyword,Phone Model X1 desc,us1352
myproduct1353,myproduct1353,4,1,501,2.99,4,4,brand name,short description,description,0,100,10,1,Phone Model X1352,Phone Model X1 keyword,Phone Model X1 desc,us1353
myproduct1354,myproduct1354,4,1,501,2.99,4,4,brand name,short description,description,0,100,10,1,Phone Model X1353,Phone Model X1 keyword,Phone Model X1 desc,us1354
myproduct1355,myproduct1355,4,1,501,2.99,4,4,brand name,short description,description,0,100,10,1,Phone Model X1354,Phone Model X1 keyword,Phone Model X1 desc,us1355
myproduct1356,myproduct1356,4,1,501,2.99,4,4,brand name,short description,description,0,100,10,1,Phone Model X1355,Phone Model X1 keyword,Phone Model X1 desc,us1356
myproduct1357,myproduct1357,4,1,501,2.99,4,4,brand name,short description,description,0,100,10,1,Phone Model X1356,Phone Model X1 keyword,Phone Model X1 desc,us1357
myproduct1358,myproduct1358,4,1,501,2.99,4,4,brand name,short description,description,0,100,10,1,Phone Model X1357,Phone Model X1 keyword,Phone Model X1 desc,us1358
myproduct1359,myproduct1359,4,1,501,2.99,4,4,brand name,short description,description,0,100,10,1,Phone Model X1358,Phone Model X1 keyword,Phone Model X1 desc,us1359
myproduct1360,myproduct1360,4,1,501,2.99,4,4,brand name,short description,description,0,100,10,1,Phone Model X1359,Phone Model X1 keyword,Phone Model X1 desc,us1360
myproduct1361,myproduct1361,4,1,501,2.99,4,4,brand name,short description,description,0,100,10,1,Phone Model X1360,Phone Model X1 keyword,Phone Model X1 desc,us1361
myproduct1362,myproduct1362,4,1,501,2.99,4,4,brand name,short description,description,0,100,10,1,Phone Model X1361,Phone Model X1 keyword,Phone Model X1 desc,us1362
myproduct1363,myproduct1363,4,1,501,2.99,4,4,brand name,short description,description,0,100,10,1,Phone Model X1362,Phone Model X1 keyword,Phone Model X1 desc,us1363
myproduct1364,myproduct1364,4,1,501,2.99,4,4,brand name,short description,description,0,100,10,1,Phone Model X1363,Phone Model X1 keyword,Phone Model X1 desc,us1364
myproduct1365,myproduct1365,4,1,501,2.99,4,4,brand name,short description,description,0,100,10,1,Phone Model X1364,Phone Model X1 keyword,Phone Model X1 desc,us1365
myproduct1366,myproduct1366,4,1,501,2.99,4,4,brand name,short description,description,0,100,10,1,Phone Model X1365,Phone Model X1 keyword,Phone Model X1 desc,us1366
myproduct1367,myproduct1367,4,1,501,2.99,4,4,brand name,short description,description,0,100,10,1,Phone Model X1366,Phone Model X1 keyword,Phone Model X1 desc,us1367
myproduct1368,myproduct1368,4,1,501,2.99,4,4,brand name,short description,description,0,100,10,1,Phone Model X1367,Phone Model X1 keyword,Phone Model X1 desc,us1368
myproduct1369,myproduct1369,4,1,501,2.99,4,4,brand name,short description,description,0,100,10,1,Phone Model X1368,Phone Model X1 keyword,Phone Model X1 desc,us1369
myproduct1370,myproduct1370,4,1,501,2.99,4,4,brand name,short description,description,0,100,10,1,Phone Model X1369,Phone Model X1 keyword,Phone Model X1 desc,us1370
myproduct1371,myproduct1371,4,1,501,2.99,4,4,brand name,short description,description,0,100,10,1,Phone Model X1370,Phone Model X1 keyword,Phone Model X1 desc,us1371
myproduct1372,myproduct1372,4,1,501,2.99,4,4,brand name,short description,description,0,100,10,1,Phone Model X1371,Phone Model X1 keyword,Phone Model X1 desc,us1372
myproduct1373,myproduct1373,4,1,501,2.99,4,4,brand name,short description,description,0,100,10,1,Phone Model X1372,Phone Model X1 keyword,Phone Model X1 desc,us1373
myproduct1374,myproduct1374,4,1,501,2.99,4,4,brand name,short description,description,0,100,10,1,Phone Model X1373,Phone Model X1 keyword,Phone Model X1 desc,us1374
myproduct1375,myproduct1375,4,1,501,2.99,4,4,brand name,short description,description,0,100,10,1,Phone Model X1374,Phone Model X1 keyword,Phone Model X1 desc,us1375
myproduct1376,myproduct1376,4,1,501,2.99,4,4,brand name,short description,description,0,100,10,1,Phone Model X1375,Phone Model X1 keyword,Phone Model X1 desc,us1376
myproduct1377,myproduct1377,4,1,501,2.99,4,4,brand name,short description,description,0,100,10,1,Phone Model X1376,Phone Model X1 keyword,Phone Model X1 desc,us1377
myproduct1378,myproduct1378,4,1,501,2.99,4,4,brand name,short description,description,0,100,10,1,Phone Model X1377,Phone Model X1 keyword,Phone Model X1 desc,us1378
myproduct1379,myproduct1379,4,1,501,2.99,4,4,brand name,short description,description,0,100,10,1,Phone Model X1378,Phone Model X1 keyword,Phone Model X1 desc,us1379
myproduct1380,myproduct1380,4,1,501,2.99,4,4,brand name,short description,description,0,100,10,1,Phone Model X1379,Phone Model X1 keyword,Phone Model X1 desc,us1380
myproduct1381,myproduct1381,4,1,501,2.99,4,4,brand name,short description,description,0,100,10,1,Phone Model X1380,Phone Model X1 keyword,Phone Model X1 desc,us1381
myproduct1382,myproduct1382,4,1,501,2.99,4,4,brand name,short description,description,0,100,10,1,Phone Model X1381,Phone Model X1 keyword,Phone Model X1 desc,us1382
myproduct1383,myproduct1383,4,1,501,2.99,4,4,brand name,short description,description,0,100,10,1,Phone Model X1382,Phone Model X1 keyword,Phone Model X1 desc,us1383
myproduct1384,myproduct1384,4,1,501,2.99,4,4,brand name,short description,description,0,100,10,1,Phone Model X1383,Phone Model X1 keyword,Phone Model X1 desc,us1384
myproduct1385,myproduct1385,4,1,501,2.99,4,4,brand name,short description,description,0,100,10,1,Phone Model X1384,Phone Model X1 keyword,Phone Model X1 desc,us1385
myproduct1386,myproduct1386,4,1,501,2.99,4,4,brand name,short description,description,0,100,10,1,Phone Model X1385,Phone Model X1 keyword,Phone Model X1 desc,us1386
myproduct1387,myproduct1387,4,1,501,2.99,4,4,brand name,short description,description,0,100,10,1,Phone Model X1386,Phone Model X1 keyword,Phone Model X1 desc,us1387
myproduct1388,myproduct1388,4,1,501,2.99,4,4,brand name,short description,description,0,100,10,1,Phone Model X1387,Phone Model X1 keyword,Phone Model X1 desc,us1388
myproduct1389,myproduct1389,4,1,501,2.99,4,4,brand name,short description,description,0,100,10,1,Phone Model X1388,Phone Model X1 keyword,Phone Model X1 desc,us1389
myproduct1390,myproduct1390,4,1,501,2.99,4,4,brand name,short description,description,0,100,10,1,Phone Model X1389,Phone Model X1 keyword,Phone Model X1 desc,us1390
myproduct1391,myproduct1391,4,1,501,2.99,4,4,brand name,short description,description,0,100,10,1,Phone Model X1390,Phone Model X1 keyword,Phone Model X1 desc,us1391
myproduct1392,myproduct1392,4,1,501,2.99,4,4,brand name,short description,description,0,100,10,1,Phone Model X1391,Phone Model X1 keyword,Phone Model X1 desc,us1392
myproduct1393,myproduct1393,4,1,501,2.99,4,4,brand name,short description,description,0,100,10,1,Phone Model X1392,Phone Model X1 keyword,Phone Model X1 desc,us1393
myproduct1394,myproduct1394,4,1,501,2.99,4,4,brand name,short description,description,0,100,10,1,Phone Model X1393,Phone Model X1 keyword,Phone Model X1 desc,us1394
myproduct1395,myproduct1395,4,1,501,2.99,4,4,brand name,short description,description,0,100,10,1,Phone Model X1394,Phone Model X1 keyword,Phone Model X1 desc,us1395
myproduct1396,myproduct1396,4,1,501,2.99,4,4,brand name,short description,description,0,100,10,1,Phone Model X1395,Phone Model X1 keyword,Phone Model X1 desc,us1396
myproduct1397,myproduct1397,4,1,501,2.99,4,4,brand name,short description,description,0,100,10,1,Phone Model X1396,Phone Model X1 keyword,Phone Model X1 desc,us1397
myproduct1398,myproduct1398,4,1,501,2.99,4,4,brand name,short description,description,0,100,10,1,Phone Model X1397,Phone Model X1 keyword,Phone Model X1 desc,us1398
myproduct1399,myproduct1399,4,1,501,2.99,4,4,brand name,short description,description,0,100,10,1,Phone Model X1398,Phone Model X1 keyword,Phone Model X1 desc,us1399
myproduct1400,myproduct1400,4,1,501,2.99,4,4,brand name,short description,description,0,100,10,1,Phone Model X1399,Phone Model X1 keyword,Phone Model X1 desc,us1400
myproduct1401,myproduct1401,4,1,501,2.99,4,4,brand name,short description,description,0,100,10,1,Phone Model X1400,Phone Model X1 keyword,Phone Model X1 desc,us1401
myproduct1402,myproduct1402,4,1,501,2.99,4,4,brand name,short description,description,0,100,10,1,Phone Model X1401,Phone Model X1 keyword,Phone Model X1 desc,us1402
myproduct1403,myproduct1403,4,1,501,2.99,4,4,brand name,short description,description,0,100,10,1,Phone Model X1402,Phone Model X1 keyword,Phone Model X1 desc,us1403
myproduct1404,myproduct1404,4,1,501,2.99,4,4,brand name,short description,description,0,100,10,1,Phone Model X1403,Phone Model X1 keyword,Phone Model X1 desc,us1404
myproduct1405,myproduct1405,4,1,501,2.99,4,4,brand name,short description,description,0,100,10,1,Phone Model X1404,Phone Model X1 keyword,Phone Model X1 desc,us1405
myproduct1406,myproduct1406,4,1,501,2.99,4,4,brand name,short description,description,0,100,10,1,Phone Model X1405,Phone Model X1 keyword,Phone Model X1 desc,us1406
myproduct1407,myproduct1407,4,1,501,2.99,4,4,brand name,short description,description,0,100,10,1,Phone Model X1406,Phone Model X1 keyword,Phone Model X1 desc,us1407
myproduct1408,myproduct1408,4,1,501,2.99,4,4,brand name,short description,description,0,100,10,1,Phone Model X1407,Phone Model X1 keyword,Phone Model X1 desc,us1408
myproduct1409,myproduct1409,4,1,501,2.99,4,4,brand name,short description,description,0,100,10,1,Phone Model X1408,Phone Model X1 keyword,Phone Model X1 desc,us1409
myproduct1410,myproduct1410,4,1,501,2.99,4,4,brand name,short description,description,0,100,10,1,Phone Model X1409,Phone Model X1 keyword,Phone Model X1 desc,us1410
myproduct1411,myproduct1411,4,1,501,2.99,4,4,brand name,short description,description,0,100,10,1,Phone Model X1410,Phone Model X1 keyword,Phone Model X1 desc,us1411
myproduct1412,myproduct1412,4,1,501,2.99,4,4,brand name,short description,description,0,100,10,1,Phone Model X1411,Phone Model X1 keyword,Phone Model X1 desc,us1412
myproduct1413,myproduct1413,4,1,501,2.99,4,4,brand name,short description,description,0,100,10,1,Phone Model X1412,Phone Model X1 keyword,Phone Model X1 desc,us1413
myproduct1414,myproduct1414,4,1,501,2.99,4,4,brand name,short description,description,0,100,10,1,Phone Model X1413,Phone Model X1 keyword,Phone Model X1 desc,us1414
myproduct1415,myproduct1415,4,1,501,2.99,4,4,brand name,short description,description,0,100,10,1,Phone Model X1414,Phone Model X1 keyword,Phone Model X1 desc,us1415
myproduct1416,myproduct1416,4,1,501,2.99,4,4,brand name,short description,description,0,100,10,1,Phone Model X1415,Phone Model X1 keyword,Phone Model X1 desc,us1416
myproduct1417,myproduct1417,4,1,501,2.99,4,4,brand name,short description,description,0,100,10,1,Phone Model X1416,Phone Model X1 keyword,Phone Model X1 desc,us1417
myproduct1418,myproduct1418,4,1,501,2.99,4,4,brand name,short description,description,0,100,10,1,Phone Model X1417,Phone Model X1 keyword,Phone Model X1 desc,us1418
myproduct1419,myproduct1419,4,1,501,2.99,4,4,brand name,short description,description,0,100,10,1,Phone Model X1418,Phone Model X1 keyword,Phone Model X1 desc,us1419
myproduct1420,myproduct1420,4,1,501,2.99,4,4,brand name,short description,description,0,100,10,1,Phone Model X1419,Phone Model X1 keyword,Phone Model X1 desc,us1420
myproduct1421,myproduct1421,4,1,501,2.99,4,4,brand name,short description,description,0,100,10,1,Phone Model X1420,Phone Model X1 keyword,Phone Model X1 desc,us1421
myproduct1422,myproduct1422,4,1,501,2.99,4,4,brand name,short description,description,0,100,10,1,Phone Model X1421,Phone Model X1 keyword,Phone Model X1 desc,us1422
myproduct1423,myproduct1423,4,1,501,2.99,4,4,brand name,short description,description,0,100,10,1,Phone Model X1422,Phone Model X1 keyword,Phone Model X1 desc,us1423
myproduct1424,myproduct1424,4,1,501,2.99,4,4,brand name,short description,description,0,100,10,1,Phone Model X1423,Phone Model X1 keyword,Phone Model X1 desc,us1424
myproduct1425,myproduct1425,4,1,501,2.99,4,4,brand name,short description,description,0,100,10,1,Phone Model X1424,Phone Model X1 keyword,Phone Model X1 desc,us1425
myproduct1426,myproduct1426,4,1,501,2.99,4,4,brand name,short description,description,0,100,10,1,Phone Model X1425,Phone Model X1 keyword,Phone Model X1 desc,us1426
myproduct1427,myproduct1427,4,1,501,2.99,4,4,brand name,short description,description,0,100,10,1,Phone Model X1426,Phone Model X1 keyword,Phone Model X1 desc,us1427
myproduct1428,myproduct1428,4,1,501,2.99,4,4,brand name,short description,description,0,100,10,1,Phone Model X1427,Phone Model X1 keyword,Phone Model X1 desc,us1428
myproduct1429,myproduct1429,4,1,501,2.99,4,4,brand name,short description,description,0,100,10,1,Phone Model X1428,Phone Model X1 keyword,Phone Model X1 desc,us1429
myproduct1430,myproduct1430,4,1,501,2.99,4,4,brand name,short description,description,0,100,10,1,Phone Model X1429,Phone Model X1 keyword,Phone Model X1 desc,us1430
myproduct1431,myproduct1431,4,1,501,2.99,4,4,brand name,short description,description,0,100,10,1,Phone Model X1430,Phone Model X1 keyword,Phone Model X1 desc,us1431
myproduct1432,myproduct1432,4,1,501,2.99,4,4,brand name,short description,description,0,100,10,1,Phone Model X1431,Phone Model X1 keyword,Phone Model X1 desc,us1432
myproduct1433,myproduct1433,4,1,501,2.99,4,4,brand name,short description,description,0,100,10,1,Phone Model X1432,Phone Model X1 keyword,Phone Model X1 desc,us1433
myproduct1434,myproduct1434,4,1,501,2.99,4,4,brand name,short description,description,0,100,10,1,Phone Model X1433,Phone Model X1 keyword,Phone Model X1 desc,us1434
myproduct1435,myproduct1435,4,1,501,2.99,4,4,brand name,short description,description,0,100,10,1,Phone Model X1434,Phone Model X1 keyword,Phone Model X1 desc,us1435
myproduct1436,myproduct1436,4,1,501,2.99,4,4,brand name,short description,description,0,100,10,1,Phone Model X1435,Phone Model X1 keyword,Phone Model X1 desc,us1436
myproduct1437,myproduct1437,4,1,501,2.99,4,4,brand name,short description,description,0,100,10,1,Phone Model X1436,Phone Model X1 keyword,Phone Model X1 desc,us1437
myproduct1438,myproduct1438,4,1,501,2.99,4,4,brand name,short description,description,0,100,10,1,Phone Model X1437,Phone Model X1 keyword,Phone Model X1 desc,us1438
myproduct1439,myproduct1439,4,1,501,2.99,4,4,brand name,short description,description,0,100,10,1,Phone Model X1438,Phone Model X1 keyword,Phone Model X1 desc,us1439
myproduct1440,myproduct1440,4,1,501,2.99,4,4,brand name,short description,description,0,100,10,1,Phone Model X1439,Phone Model X1 keyword,Phone Model X1 desc,us1440
myproduct1441,myproduct1441,4,1,501,2.99,4,4,brand name,short description,description,0,100,10,1,Phone Model X1440,Phone Model X1 keyword,Phone Model X1 desc,us1441
myproduct1442,myproduct1442,4,1,501,2.99,4,4,brand name,short description,description,0,100,10,1,Phone Model X1441,Phone Model X1 keyword,Phone Model X1 desc,us1442
myproduct1443,myproduct1443,4,1,501,2.99,4,4,brand name,short description,description,0,100,10,1,Phone Model X1442,Phone Model X1 keyword,Phone Model X1 desc,us1443
myproduct1444,myproduct1444,4,1,501,2.99,4,4,brand name,short description,description,0,100,10,1,Phone Model X1443,Phone Model X1 keyword,Phone Model X1 desc,us1444
myproduct1445,myproduct1445,4,1,501,2.99,4,4,brand name,short description,description,0,100,10,1,Phone Model X1444,Phone Model X1 keyword,Phone Model X1 desc,us1445
myproduct1446,myproduct1446,4,1,501,2.99,4,4,brand name,short description,description,0,100,10,1,Phone Model X1445,Phone Model X1 keyword,Phone Model X1 desc,us1446
myproduct1447,myproduct1447,4,1,501,2.99,4,4,brand name,short description,description,0,100,10,1,Phone Model X1446,Phone Model X1 keyword,Phone Model X1 desc,us1447
myproduct1448,myproduct1448,4,1,501,2.99,4,4,brand name,short description,description,0,100,10,1,Phone Model X1447,Phone Model X1 keyword,Phone Model X1 desc,us1448
myproduct1449,myproduct1449,4,1,501,2.99,4,4,brand name,short description,description,0,100,10,1,Phone Model X1448,Phone Model X1 keyword,Phone Model X1 desc,us1449
myproduct1450,myproduct1450,4,1,501,2.99,4,4,brand name,short description,description,0,100,10,1,Phone Model X1449,Phone Model X1 keyword,Phone Model X1 desc,us1450
myproduct1451,myproduct1451,4,1,501,2.99,4,4,brand name,short description,description,0,100,10,1,Phone Model X1450,Phone Model X1 keyword,Phone Model X1 desc,us1451
myproduct1452,myproduct1452,4,1,501,2.99,4,4,brand name,short description,description,0,100,10,1,Phone Model X1451,Phone Model X1 keyword,Phone Model X1 desc,us1452
myproduct1453,myproduct1453,4,1,501,2.99,4,4,brand name,short description,description,0,100,10,1,Phone Model X1452,Phone Model X1 keyword,Phone Model X1 desc,us1453
myproduct1454,myproduct1454,4,1,501,2.99,4,4,brand name,short description,description,0,100,10,1,Phone Model X1453,Phone Model X1 keyword,Phone Model X1 desc,us1454
myproduct1455,myproduct1455,4,1,501,2.99,4,4,brand name,short description,description,0,100,10,1,Phone Model X1454,Phone Model X1 keyword,Phone Model X1 desc,us1455
myproduct1456,myproduct1456,4,1,501,2.99,4,4,brand name,short description,description,0,100,10,1,Phone Model X1455,Phone Model X1 keyword,Phone Model X1 desc,us1456
myproduct1457,myproduct1457,4,1,501,2.99,4,4,brand name,short description,description,0,100,10,1,Phone Model X1456,Phone Model X1 keyword,Phone Model X1 desc,us1457
myproduct1458,myproduct1458,4,1,501,2.99,4,4,brand name,short description,description,0,100,10,1,Phone Model X1457,Phone Model X1 keyword,Phone Model X1 desc,us1458
myproduct1459,myproduct1459,4,1,501,2.99,4,4,brand name,short description,description,0,100,10,1,Phone Model X1458,Phone Model X1 keyword,Phone Model X1 desc,us1459
myproduct1460,myproduct1460,4,1,501,2.99,4,4,brand name,short description,description,0,100,10,1,Phone Model X1459,Phone Model X1 keyword,Phone Model X1 desc,us1460
myproduct1461,myproduct1461,4,1,501,2.99,4,4,brand name,short description,description,0,100,10,1,Phone Model X1460,Phone Model X1 keyword,Phone Model X1 desc,us1461
myproduct1462,myproduct1462,4,1,501,2.99,4,4,brand name,short description,description,0,100,10,1,Phone Model X1461,Phone Model X1 keyword,Phone Model X1 desc,us1462
myproduct1463,myproduct1463,4,1,501,2.99,4,4,brand name,short description,description,0,100,10,1,Phone Model X1462,Phone Model X1 keyword,Phone Model X1 desc,us1463
myproduct1464,myproduct1464,4,1,501,2.99,4,4,brand name,short description,description,0,100,10,1,Phone Model X1463,Phone Model X1 keyword,Phone Model X1 desc,us1464
myproduct1465,myproduct1465,4,1,501,2.99,4,4,brand name,short description,description,0,100,10,1,Phone Model X1464,Phone Model X1 keyword,Phone Model X1 desc,us1465
myproduct1466,myproduct1466,4,1,501,2.99,4,4,brand name,short description,description,0,100,10,1,Phone Model X1465,Phone Model X1 keyword,Phone Model X1 desc,us1466
myproduct1467,myproduct1467,4,1,501,2.99,4,4,brand name,short description,description,0,100,10,1,Phone Model X1466,Phone Model X1 keyword,Phone Model X1 desc,us1467
myproduct1468,myproduct1468,4,1,501,2.99,4,4,brand name,short description,description,0,100,10,1,Phone Model X1467,Phone Model X1 keyword,Phone Model X1 desc,us1468
myproduct1469,myproduct1469,4,1,501,2.99,4,4,brand name,short description,description,0,100,10,1,Phone Model X1468,Phone Model X1 keyword,Phone Model X1 desc,us1469
myproduct1470,myproduct1470,4,1,501,2.99,4,4,brand name,short description,description,0,100,10,1,Phone Model X1469,Phone Model X1 keyword,Phone Model X1 desc,us1470
myproduct1471,myproduct1471,4,1,501,2.99,4,4,brand name,short description,description,0,100,10,1,Phone Model X1470,Phone Model X1 keyword,Phone Model X1 desc,us1471
myproduct1472,myproduct1472,4,1,501,2.99,4,4,brand name,short description,description,0,100,10,1,Phone Model X1471,Phone Model X1 keyword,Phone Model X1 desc,us1472
myproduct1473,myproduct1473,4,1,501,2.99,4,4,brand name,short description,description,0,100,10,1,Phone Model X1472,Phone Model X1 keyword,Phone Model X1 desc,us1473
myproduct1474,myproduct1474,4,1,501,2.99,4,4,brand name,short description,description,0,100,10,1,Phone Model X1473,Phone Model X1 keyword,Phone Model X1 desc,us1474
myproduct1475,myproduct1475,4,1,501,2.99,4,4,brand name,short description,description,0,100,10,1,Phone Model X1474,Phone Model X1 keyword,Phone Model X1 desc,us1475
myproduct1476,myproduct1476,4,1,501,2.99,4,4,brand name,short description,description,0,100,10,1,Phone Model X1475,Phone Model X1 keyword,Phone Model X1 desc,us1476
myproduct1477,myproduct1477,4,1,501,2.99,4,4,brand name,short description,description,0,100,10,1,Phone Model X1476,Phone Model X1 keyword,Phone Model X1 desc,us1477
myproduct1478,myproduct1478,4,1,501,2.99,4,4,brand name,short description,description,0,100,10,1,Phone Model X1477,Phone Model X1 keyword,Phone Model X1 desc,us1478
myproduct1479,myproduct1479,4,1,501,2.99,4,4,brand name,short description,description,0,100,10,1,Phone Model X1478,Phone Model X1 keyword,Phone Model X1 desc,us1479
myproduct1480,myproduct1480,4,1,501,2.99,4,4,brand name,short description,description,0,100,10,1,Phone Model X1479,Phone Model X1 keyword,Phone Model X1 desc,us1480
myproduct1481,myproduct1481,4,1,501,2.99,4,4,brand name,short description,description,0,100,10,1,Phone Model X1480,Phone Model X1 keyword,Phone Model X1 desc,us1481
myproduct1482,myproduct1482,4,1,501,2.99,4,4,brand name,short description,description,0,100,10,1,Phone Model X1481,Phone Model X1 keyword,Phone Model X1 desc,us1482
myproduct1483,myproduct1483,4,1,501,2.99,4,4,brand name,short description,description,0,100,10,1,Phone Model X1482,Phone Model X1 keyword,Phone Model X1 desc,us1483
myproduct1484,myproduct1484,4,1,501,2.99,4,4,brand name,short description,description,0,100,10,1,Phone Model X1483,Phone Model X1 keyword,Phone Model X1 desc,us1484
myproduct1485,myproduct1485,4,1,501,2.99,4,4,brand name,short description,description,0,100,10,1,Phone Model X1484,Phone Model X1 keyword,Phone Model X1 desc,us1485
myproduct1486,myproduct1486,4,1,501,2.99,4,4,brand name,short description,description,0,100,10,1,Phone Model X1485,Phone Model X1 keyword,Phone Model X1 desc,us1486
myproduct1487,myproduct1487,4,1,501,2.99,4,4,brand name,short description,description,0,100,10,1,Phone Model X1486,Phone Model X1 keyword,Phone Model X1 desc,us1487
myproduct1488,myproduct1488,4,1,501,2.99,4,4,brand name,short description,description,0,100,10,1,Phone Model X1487,Phone Model X1 keyword,Phone Model X1 desc,us1488
myproduct1489,myproduct1489,4,1,501,2.99,4,4,brand name,short description,description,0,100,10,1,Phone Model X1488,Phone Model X1 keyword,Phone Model X1 desc,us1489
myproduct1490,myproduct1490,4,1,501,2.99,4,4,brand name,short description,description,0,100,10,1,Phone Model X1489,Phone Model X1 keyword,Phone Model X1 desc,us1490
myproduct1491,myproduct1491,4,1,501,2.99,4,4,brand name,short description,description,0,100,10,1,Phone Model X1490,Phone Model X1 keyword,Phone Model X1 desc,us1491
myproduct1492,myproduct1492,4,1,501,2.99,4,4,brand name,short description,description,0,100,10,1,Phone Model X1491,Phone Model X1 keyword,Phone Model X1 desc,us1492
myproduct1493,myproduct1493,4,1,501,2.99,4,4,brand name,short description,description,0,100,10,1,Phone Model X1492,Phone Model X1 keyword,Phone Model X1 desc,us1493
myproduct1494,myproduct1494,4,1,501,2.99,4,4,brand name,short description,description,0,100,10,1,Phone Model X1493,Phone Model X1 keyword,Phone Model X1 desc,us1494
myproduct1495,myproduct1495,4,1,501,2.99,4,4,brand name,short description,description,0,100,10,1,Phone Model X1494,Phone Model X1 keyword,Phone Model X1 desc,us1495
myproduct1496,myproduct1496,4,1,501,2.99,4,4,brand name,short description,description,0,100,10,1,Phone Model X1495,Phone Model X1 keyword,Phone Model X1 desc,us1496
myproduct1497,myproduct1497,4,1,501,2.99,4,4,brand name,short description,description,0,100,10,1,Phone Model X1496,Phone Model X1 keyword,Phone Model X1 desc,us1497
myproduct1498,myproduct1498,4,1,501,2.99,4,4,brand name,short description,description,0,100,10,1,Phone Model X1497,Phone Model X1 keyword,Phone Model X1 desc,us1498
myproduct1499,myproduct1499,4,1,501,2.99,4,4,brand name,short description,description,0,100,10,1,Phone Model X1498,Phone Model X1 keyword,Phone Model X1 desc,us1499
myproduct1500,myproduct1500,4,1,501,2.99,4,4,brand name,short description,description,0,100,10,1,Phone Model X1499,Phone Model X1 keyword,Phone Model X1 desc,us1500
